ID,NAME,DATEADDED,LOCATION,MD5_HASH,SHA256_HASH,CUCKOO_ID,MALICIOUS,DOWNLOADED,CATEGORY
1,AOMEIBackupperStd.exe,2021-08-26 21:22:23,AOMEIBackupperStd.exe,1fbd09ef16e2f4198b5451df9b107c58,3693170769dc0d750792dbdcb48d6e9b54c80d2c92381de1e19a36954adc4995,39,0,1,utilities
2,audacity-win-3.0.4-x64.exe,2021-08-26 21:22:23,audacity-win-3.0.4-x64.exe,c75c9fc2eaca0b245d477f9e08555906,a22c925d16d9a811712e5bbe1b4206fd91cfe23ca8a8732083f02df9838c7c4b,40,0,1,music_video
3,blender-2.93.3-windows-x64.msi,2021-08-26 21:22:24,blender-2.93.3-windows-x64.msi,e8a406e22ecebeeea84c996e56f1d67f,454497648cd05d45f0f21ea55d5b8b644dbe6325f355a7aaea6189e2389acf32,41,0,1,graphics_pictures
4,DiscordSetup.exe,2021-08-26 21:22:25,DiscordSetup.exe,401f2cf9414801ebadf5a0b439bfb9f6,e825cf8e0b4db9797ca9e57191b01aab0c06536a24d08ec0a4767b5248a8526f,42,0,1,internet
5,dot11expert.exe,2021-08-26 21:22:25,dot11expert.exe,7db5401e2453d7e496adadc08a85d609,5152047d255536048ca06a7fe71c28f22b121036bfb86aa3d56e23f8c306fe10,43,0,1,utilities
6,driver_booster_setup.exe,2021-08-26 21:22:25,driver_booster_setup.exe,423aeaab469c0efa1743b0377946b2ba,21032d3dad9ab2a367e0d2918e47f25f073c07f975680238856fe5e9da2248ee,44,0,1,utilities
7,dumo_lite.exe,2021-08-26 21:22:25,dumo_lite.exe,2d05e6985da817992c6b8e1c35dcad0f,70a38f3c4567955c3fc57797289120c02dd3864b34968639cf8ca7bb1c215a7d,45,0,1,utilities
8,FocusWriter_1.7.6.exe,2021-08-26 21:22:25,FocusWriter_1.7.6.exe,6b301c2b5bccf7ea15a81b25dfd7581e,54bcb2eb906e05451c52dbffc0a2b12de5d3b3df99e836e6e7f403bc982ce445,46,0,1,internet
9,gimp-2.10.24-setup-3.exe,2021-08-26 21:22:26,gimp-2.10.24-setup-3.exe,8cf9ee41cc3792e6f28011e4f58c442b,5e9eabe5739523a9fc347b4614d919418f3335e7aab082a65f71705421e85e04,47,0,1,graphics_pictures
10,GoogleDriveSetup.exe,2021-08-26 21:22:28,GoogleDriveSetup.exe,176a5bc18435a003ead73dca1f0be28b,c659012843421859d869cdedf658f3176d16bc31ae3442656534f801121466a2,48,0,1,internet
11,HandBrake-1.4.1-x86_64-Win_GUI.exe,2021-08-26 21:22:28,HandBrake-1.4.1-x86_64-Win_GUI.exe,18202e4e36e7390f4d029f18cd0ff77d,fb0d2788f2bd9789e3ed5a533691d3e6fbea394e9435c3881f57613fe1ea8af1,49,0,1,music_video
12,hdde_lite.exe,2021-08-26 21:22:28,hdde_lite.exe,ee143858b7e8c695d7fb424f38df18c8,e5a54187fdce5c40b612089a69122e045c9f05aff4ef90fafc912ad66c22b6c5,50,0,1,utilities
13,iobituninstaller.exe,2021-08-26 21:22:28,iobituninstaller.exe,795e7e593d7b469ba4cd63b656aca774,7dc91295d747ab12bdcf61ada908530a819cdbe4bb16f4c43544ffd646b4afa5,51,0,1,utilities
14,iTunes64Setup.exe,2021-08-26 21:22:29,iTunes64Setup.exe,0cc121657354066e276808ddefd32d8b,0f9beca9148f5ced1ab77b4024d462c54846c4b3e8a4e1dcbeff730b5e5c66c8,78,0,1,music_video
15,iview458_x64_setup.exe,2021-08-26 21:22:29,iview458_x64_setup.exe,354daacf9b6d1e122b1c0bf1e6854681,6bfdf8d92a937dde9d672b22e8864ab17fbe86a37b6cb2b4fa68e7bcb99c0861,53,0,1,internet
16,kcleaner_lite.exe,2021-08-26 21:22:29,kcleaner_lite.exe,f634e6c0c3a391f1093a8e12ee6fb5d4,c51cc4bea2316a8e06a61a94d23fb73d03927f8d2e0487e24c3d41d8d0bf21e1,77,0,1,utilities
17,kodi-19.1-Matrix-x64.exe,2021-08-26 21:22:30,kodi-19.1-Matrix-x64.exe,c390f6d282e2f5b97ad69eda523e40b7,ecbb43dad45d3442d3dec14c66429766f19ea86ac050ad86c2edd7e20313b4df,56,0,1,graphics_pictures
18,MusicBeeSetup_3_4_Update1.zip,2021-08-26 21:22:30,MusicBeeSetup_3_4_Update1.zip,264b2f0b6bb562a5ec0c8ba576292ad5,405010d8a387e20aa5754b14732f37008a7733e646aa9c4290cf8dcb53e4003f,57,0,1,music_video
19,MYKI-latest.exe,2021-08-26 21:22:30,MYKI-latest.exe,1f0b53e3813ae00049ef722eecb0c71e,14b48c99dfcd49a38dd02dc9ff48ca94f461cf3ab80bd565bac08235b5d7b532,58,0,1,utilities
20,npp.8.1.4.Installer.exe,2021-08-26 21:22:30,npp.8.1.4.Installer.exe,fe4f6dee19b89d2ac0f93aaa31dac028,eadefd67e95bef200b2506caf8b3c82e0ea6c3cf895936614ba442989a08db4e,59,0,1,development
21,phototofilm_lite.exe,2021-08-26 21:22:30,phototofilm_lite.exe,f5a530d46404c96df8df70e6e0ac53d3,c8bd313b747b22e15b61522157937fe237c65329a2cbaf387e3622d19b615336,60,0,1,graphics_pictures
22,PlexMediaServer-1.24.1.4931-1a38e63c6-x86.exe,2021-08-26 21:22:31,PlexMediaServer-1.24.1.4931-1a38e63c6-x86.exe,c622a61500a25a40bc187a1c55a0f42e,b85e2cc91662fca8b2cc9a5ee781e5445b92551c1a83998b620eccba6b85a520,61,0,1,music_video
23,portexpert_lite.exe,2021-08-26 21:22:31,portexpert_lite.exe,6bb80321cf087b21529d547322f683ec,8bc1f3f14d771081c8492be6ca9af0059435f6fa5711fb902296b692e232dd5c,62,0,1,utilities
24,ProtonVPN_win_v1.22.2.exe,2021-08-26 21:22:31,ProtonVPN_win_v1.22.2.exe,f907ac7d30e4b0bca813bb8d6adc1143,0c2a0c43bdef628d767a33b4d90895203288e34f46e201b667b7f5a5310369d0,63,0,1,utilities
25,ramexpert_lite.exe,2021-08-26 21:22:31,ramexpert_lite.exe,10e6a10161091c9ac394e2ce6968315f,6d2ae45d69550a3ebd8a0739339b42ab10d003854e477ce3ddd5467f43f10bfe,64,0,1,utilities
26,readerdc_en_xa_crd_install.exe,2021-08-26 21:22:31,readerdc_en_xa_crd_install.exe,0a7809af9a8d0d954044b24e5bd90431,7131b42f18eb8439bc9adb430311f04f3e9307c63e995d082eb020c41235efa5,65,0,1,office
27,signal-desktop-win-5.14.0.exe,2021-08-26 21:22:31,signal-desktop-win-5.14.0.exe,8a402cb97e5bc7380e48c441433076ad,d571dd4f8020b2f9174d70aefe16c7d17baef00da0baca750876520a487688f7,66,0,1,office
28,sumo_lite.exe,2021-08-26 21:22:31,sumo_lite.exe,8614f18650fe7b1c5e83579aa2d351e7,b0a46de0421ad33dac7e36599098ea9aba2cb0bddf32f8d8231d6f582351068e,67,0,1,utilities
29,TeamViewer_Setup_x64.exe,2021-08-26 21:22:32,TeamViewer_Setup_x64.exe,4159dfcaec2e2d6ff39830ccb702145d,776d8668d9c14c557a327b268bffcf872389eaa0c7fdb8feea2fab5b245df4e5,68,0,1,internet
30,teracopy.exe,2021-08-26 21:22:32,teracopy.exe,a239dd732bbde581f4255fcda1c24503,401870777b39b6ffbfd5ec96ae79470e9caf2d2b5526927100dd91e87b3228ee,69,0,1,utilities
31,tsetup-x64.2.9.2.exe,2021-08-26 21:22:32,tsetup-x64.2.9.2.exe,60fb0d944d9623e0b939e976ad340fdf,a70d1ee489dd50552fc6d892d7abf3f7e869cd9d94b7c03daeb7b7b8f175c5eb,70,0,1,utilities
32,uTorrent.exe,2021-08-26 21:22:32,uTorrent.exe,8d0124a14d7620023eeb21ad773f14c0,41b0ebfe8bd3341b87e354c8ce536febd589c00019267f3d40d10e5f44ffc2d7,71,0,1,utilities
33,videoinspector_lite.exe,2021-08-26 21:22:32,videoinspector_lite.exe,43ab8507b23c83a257cf46dd5fc7bc49,091c92961184fd833ef4b86120412265a244ebac908d7b185050bcb0ece5dfc9,72,0,1,music_video
34,WhatsAppSetup.exe,2021-08-26 21:22:33,WhatsAppSetup.exe,812b297d916b4c0663427dc5d2f3c738,fa36bf47c2b2cca5b34fec5630bda6ef19af5a0a6d7ed4eb632d33709de9021d,73,0,1,music_video
35,winrar-x64-602.exe,2021-08-26 21:22:33,winrar-x64-602.exe,363f4147b4ea94d06303c8c93b03ffc8,d41ed4b4de255bee35f93372d023203c9a43694ef88a759ad61b41dfbd0f345d,74,0,1,utilities
36,XnConvert-win-x64.exe,2021-08-26 21:22:33,XnConvert-win-x64.exe,d097fdfcb07fdd0ec38f700930ed0219,ca5bd76f04af7786b20e880e5752d7c670cd473c66788837d824e036e1c8e12e,75,0,1,utilities
39,Magnification_Virtual Magnifying Glass Portable.exe,2021-10-04 12:32:14,Magnification_Virtual Magnifying Glass Portable.exe,368772f35fc7ba75f1e11b40fe2353c5,91fa08fc4d0bde8a61ff89d9ef544dd8308ec00b3281169226c854f0545c1024,251,0,1,accessibility
40,Screen Reader_NVDA Portable.exe,2021-10-04 12:32:15,Screen Reader_NVDA Portable.exe,afcb643cf80a28f73df6f9b3adc683f2,106eee94b1b2c1011f49337194f2e0b2ba83ab7335229c8f9db0b64b727d4d43,252,0,1,accessibility
41,Text-to-Speech (TTS)_Balabolka Portable.exe,2021-10-04 12:32:16,Text-to-Speech (TTS)_Balabolka Portable.exe,390b51cbf44d45ef817c5ef3348e17a1,b3c0e0d0cbbbe63c9b9f9f4b0bd98986a67b2ddbf2eb219889426d7d8a656cdf,253,0,1,accessibility
42,Text-to-Speech (TTS)_DSpeech Portable.exe,2021-10-04 12:32:16,Text-to-Speech (TTS)_DSpeech Portable.exe,7a4bd133a52380dde5444a6c94065bd2,30e148de260094fa9efc09a8596bbedc3ee76b438c1e7640c01b1128e6528c17,254,0,1,accessibility
43,Typing Assistance_Dicom Portable.exe,2021-10-04 12:32:16,Typing Assistance_Dicom Portable.exe,10be1c1ae21791b9163e357b53bcebb3,71de854321ef0bc934efcde0511b6eb9b7ac978f711cf57e5ccbfd662a1a9160,255,0,1,accessibility
44,Typing Assistance_On-Screen Keyboard Portable.exe,2021-10-04 12:32:16,Typing Assistance_On-Screen Keyboard Portable.exe,a6c7acb9e2a43f1ade8041f8f61a47b2,fcaeb485b06c35fed924de260d740790207974062738817ed1db6ed54ba5963e,256,0,1,accessibility
45,Text-to-Speech (TTS)_Balabolka Portable.exe,2021-10-04 13:46:43,Text-to-Speech (TTS)_Balabolka Portable.exe,ded28ec1b67aeddcf6e1f499a7571803,aadc0f71c86a7bc5b67a353d884531e516acdb94167ae28b04a1dd6d87e51a8e,257,0,1,accessibility
46,Code Analysis_Cppcheck Portable.exe,2021-10-04 13:46:48,Code Analysis_Cppcheck Portable.exe,e5cd6278c7dc0c82942dea991887da50,2f568e2e724708403cdb457c348fa4419311a3333b4665df9d1e6c0e9797904b,258,0,1,development
47,Database_Database Browser Portable.exe,2021-10-04 13:46:52,Database_Database Browser Portable.exe,e172570dbc8038ab1fb1cb2ec5b4910e,0d0643545ba7b08d989b5fe84fe6c726357472267b74b645b7bb158fab0727c5,259,0,1,development
48,Database_DB Browser for SQLite Portable.exe,2021-10-04 13:46:56,Database_DB Browser for SQLite Portable.exe,b8f232781b74b2da4fded4a679347b39,a597b791949c260e31908d00bde474cbb4b16d55120be92ee6e0d7c08be56809,260,0,1,development
50,Database_Q-Eye Portable.exe,2021-10-04 13:46:57,Database_Q-Eye Portable.exe,e0fa0c7f2580dbf86ce688901b091180,3bd4e2758613fe1eb697c4ea90e8fc58d258ee6ac49c0e2db1c6f296c6248401,262,0,1,development
52,Astronomy_Stellarium Portable.exe,2021-10-04 13:47:15,Astronomy_Stellarium Portable.exe,45770a942376098d4256506ff71cf01c,ae5e8ac8a49c040eb4bb0210c4b11067dce91b6007f52f1b8748bead1fccab4d,264,0,1,education
53,Auditory_Solfege Portable.exe,2021-10-04 13:47:16,Auditory_Solfege Portable.exe,b2bc134b92c1783ace32f3a12253834b,0d6fecb5168e0a2b19efad95dd03f4ee2830e6f2302da086f9499241fa1c3f83,265,0,1,education
54,Dictionaries and Thesauruses_Artha Portable.exe,2021-10-04 13:47:17,Dictionaries and Thesauruses_Artha Portable.exe,c94a2672563f7bbbab7a69b5565e56fa,beafa7dcd542cb7ac4136faa8675c736cc01ef8f5c7ca2a53d98643c4e6d52ba,266,0,1,education
55,Dictionaries and Thesauruses_GoldenDict Portable.exe,2021-10-04 13:47:18,Dictionaries and Thesauruses_GoldenDict Portable.exe,5b8f229caff988da195479f8dcba73d6,f34671c31b5f00bfed0608055d42763ab56e4bb3b881c80b29b682243174a632,267,0,1,education
56,Action Games_AssaultCube Portable.exe,2021-10-04 13:47:19,Action Games_AssaultCube Portable.exe,1524178464787c3c1fbddb69aa89f51d,ee69217202a66a518a688980e55ab2bd278fe46ad47461cf2a6eeef353d5e9e9,268,0,1,games
57,Action Games_Sauerbraten (Cube 2) Portable.exe,2021-10-04 13:47:59,Action Games_Sauerbraten (Cube 2) Portable.exe,5e596e8dffd2450f92fb605887693f58,e2120b5fda75e8c12bf111c124e958775e9acf873613224f814943248114c037,269,0,1,games
59,Adventure Games_ADR Portable.exe,2021-10-04 13:48:39,Adventure Games_ADR Portable.exe,7df08265832369f49bc4f71991a3c664,c7f8dff947a7b9924379657c8ae5ee0c1c13da5cf6f23e8d2c7b2127e1bbaae5,271,0,1,games
60,Adventure Games_BYOND Portable.exe,2021-10-04 13:48:39,Adventure Games_BYOND Portable.exe,9bbfe5f00fc1ad03dce2d0bf3f366720,67e3ed9be871a9d5198b4da03f72f501d712dffc2a5d4fb48383eb443cb3838b,272,0,1,games
63,Diagramming_Dia Portable.exe,2021-10-04 13:49:13,Diagramming_Dia Portable.exe,c4f9f9c8d6877e737077b22cd05db9d0,bce1ed398778cf02adb51f5e763c95a58f559719ed1c5adce97d26a7d3b1cd39,275,0,1,graphics_pictures
64,Diagramming_Pencil Project Portable.exe,2021-10-04 13:49:18,Diagramming_Pencil Project Portable.exe,ee6ff7b8c6272cb8556fbbf5b06bff57,ec69550759bd974bd1cc62948abad524495407dee05e8f25262af76e8224e6d7,276,0,1,graphics_pictures
65,Drawing and Animation_Pencil2D Portable.exe,2021-10-04 13:49:22,Drawing and Animation_Pencil2D Portable.exe,ba53b8dc00e39bdcdc19de6f76361124,2ea1962d40b26d4222a933dadd169ab4e04085c7182418a3c888e92e4dd3c631,277,0,1,graphics_pictures
66,Browsers_Falkon Portable.exe,2021-10-04 13:49:27,Browsers_Falkon Portable.exe,abcbee4bd2387b112f2d34bb6de422fd,5fb73cab11fb33d8f45952382025414244fe9aa41547f25267e93aeb564c9aa9,278,0,1,internet
67,Browsers_Google Chrome Portable.exe,2021-10-04 13:49:27,Browsers_Google Chrome Portable.exe,75544fe10ad1a741914f89c4fa29c3f4,9eb1e96ec0ed2df808632d7fdf3f74d64fffd66c7df12039d06ad48aee2c1816,279,0,1,internet
68,Browsers_Iron Portable.exe,2021-10-04 13:49:33,Browsers_Iron Portable.exe,9588a15d6b671717464efd71ea20448b,97ad66864b4c46150a8cf831ef8883f26194368e8400df7c261f2c67e933836a,280,0,1,internet
69,Browsers_K-Meleon Portable.exe,2021-10-04 13:49:37,Browsers_K-Meleon Portable.exe,5fb8e42b02a5cc45a3fbfeac7e1a2665,e6c5bf1dadd802f046f9fedef4cc58ff67bba546f753b609d76bcb63df9ad234,281,0,1,internet
70,Browsers_Links Portable.exe,2021-10-04 13:49:41,Browsers_Links Portable.exe,e49134eca1c78a06008c9aea35494953,5e38c5f5b01be72088ad32f11d50ce75de2738e550fcd07ca62d77d0ab813836,282,0,1,internet
71,Audio Editors & Converters_Audacity Portable.exe,2021-10-04 13:49:45,Audio Editors & Converters_Audacity Portable.exe,e178748a06692f16d4234354ce5ecc94,a00cff495114cc94c7eedf2aab9488b719d48c7f912bc3db41e2f0646db4a28f,283,0,1,music_video
72,Audio Editors & Converters_CDex Portable.exe,2021-10-04 13:49:45,Audio Editors & Converters_CDex Portable.exe,501542302ecb73d211da9520dcc3ea97,68be6c2af604cd3ec127d0323ce9f831c3ca03dcdac4bf47c85db7055913fe8d,284,0,1,music_video
73,Books_calibre Portable.exe,2021-10-04 13:49:51,Books_calibre Portable.exe,91293ff1272d858dba3f27bd3aa733ac,d7a1fd28efc9049a6468cae6a58cbdd46d1a50f14fbc6ef9c92efdb6a5af4748,285,0,1,office
74,Books_Sigil Portable.exe,2021-10-04 13:49:58,Books_Sigil Portable.exe,7bdb83445d70b0d001971880320b5db6,33d9dfcc680adaac32e6b3ac6b3f707b0165d7667166f04594831840c605de39,286,0,1,office
75,Calculators_SpeedCrunch Portable.exe,2021-10-04 13:49:59,Calculators_SpeedCrunch Portable.exe,2e8032f070df8f08609c07b96dfa4d05,505b6336fa1174b3847f025af6f391ecdb91203fac040f26ba2c3de8af13d824,287,0,1,office
76,Cryptocurrency_Bitcoin Core Portable.exe,2021-10-04 13:50:03,Cryptocurrency_Bitcoin Core Portable.exe,c3dc86a0db9bf736e0ce038d9de402ec,730dc4e149b0cd8298372da70daadc7ee5cbf6d7792271ef3f621886363acce8,288,0,1,office
77,Cryptocurrency_Dogecoin Core Portable.exe,2021-10-04 13:50:08,Cryptocurrency_Dogecoin Core Portable.exe,7cef4ed66759d833483433e535fb06c5,d73ac2935998a06f3520f4ae19d1224f578baadcebfce8d5e36cbbea754a6f74,289,0,1,office
78,Antivirus & Antispyware_ClamWin Portable.exe,2021-10-04 13:50:11,Antivirus & Antispyware_ClamWin Portable.exe,690dadae3d41f4bc53b68868cc89199d,2b73c3d65e25ec0990d3b25c909c1c79ee5141287a8d35ebe85b2a01435b5c60,290,0,1,security
79,Antivirus & Antispyware_Emsisoft Emergency Kit Portable.exe,2021-10-04 13:50:26,Antivirus & Antispyware_Emsisoft Emergency Kit Portable.exe,407ba3b3d4722ec4d9d8383e4c7cf174,70178894cbd992c720442e25008d3929e219f321ca90fd4fcf3fbce919028b39,291,0,1,security
80,Antivirus & Antispyware_HijackThis Portable.exe,2021-10-04 13:50:27,Antivirus & Antispyware_HijackThis Portable.exe,e098ecbcb99e5b7bc5675bfe744d2c77,4a84950e441ae73e9469703d0309881d6afd866f398f3f04ad6bdf6cedc7207b,292,0,1,security
81,Antivirus & Antispyware_Kaspersky TDSSKiller Portable.exe,2021-10-04 13:50:27,Antivirus & Antispyware_Kaspersky TDSSKiller Portable.exe,cf314824478dd872a38d343fe9b22d4f,1b813c2d2c2d32ca69a9cea279dccf420199cab873a562741059eafb1795b236,293,0,1,security
82,Antivirus & Antispyware_McAfee Stinger Portable.exe,2021-10-04 13:50:28,Antivirus & Antispyware_McAfee Stinger Portable.exe,9ec9e09657a6bca5d638e47bf6c2a681,bd6762b8694bdf2f639aa9f9c31038a6e73e95a1f47845ce7e759c5f84c673e9,294,0,1,security
83,Disk Tools_CrystalDiskInfo Portable.exe,2021-10-04 13:50:29,Disk Tools_CrystalDiskInfo Portable.exe,c76340bf965d4288e0a7eb674e66396f,94b915275a4b3edc568b45d603ca0cc30f179b1d7e968e876fe65b9fc501217f,295,0,1,utilities
84,Disk Tools_CrystalDiskMark Portable.exe,2021-10-04 13:50:31,Disk Tools_CrystalDiskMark Portable.exe,aaae6479db7d475251cf8b3bb7e7a8ad,ce30b43c65403cc0b6e91f082ad4d3c69dca2f726b87024fc0f9a148871c8d9a,296,0,1,utilities
85,Disk Tools_dfgPortable.exe,2021-10-04 13:50:31,Disk Tools_dfgPortable.exe,415f63b02f02a3ef3a5e439a48ae3b23,2026d94d25d0cd10d7d43bf60b91f45f8b728af2afab195f2d3d5456390c53f6,297,0,1,utilities
86,Disk Tools_HDHacker Portable.exe,2021-10-04 13:50:31,Disk Tools_HDHacker Portable.exe,d360ac4339aa2709a8352e9dbc44efbe,22e67fb02edbb758cf7e2f9efce2313065fd5f297452fe8b66d0f428da140021,298,0,1,utilities
87,Packaging_NSIS Portable.exe,2021-10-04 14:34:25,Packaging_NSIS Portable.exe,d31b2b75a8a3898ba8ba177a8473286a,87dfe3e93b33cfde6954cb12de4856acbede6233d4259135082fc3b0bc96f596,299,0,1,development
88,Packaging_PortableApps.com Installer.exe,2021-10-04 14:34:27,Packaging_PortableApps.com Installer.exe,c348258db53f4e1923622552496eee38,789a596a8459d8301b4e94157cc2ab4a92008d348d73726c9d3b0d0635753db1,300,0,1,development
89,Portablization_PortableApps.com Launcher.exe,2021-10-04 14:34:29,Portablization_PortableApps.com Launcher.exe,4de7c5c68e94166c3f4a6a67fc7cf94e,ad6426eb3b682f60accc952fe0bb9675651fa841d40f28f35dbab1cfd2063b87,301,0,1,development
90,Programming Environment_SWI-Prolog Portable.exe,2021-10-04 14:34:32,Programming Environment_SWI-Prolog Portable.exe,6721a5050f458dec5760ed4e9fc3ac8b,c923c6c974615a140ec6e99a99ad6b2981747de1c1d430443d93ba417154268a,302,0,1,development
91,Servers_XAMPP.exe,2021-10-04 14:34:32,Servers_XAMPP.exe,dd6a6c7cdffd3a87b19a14c7bf04b0ae,669e28e939116f4e8d8c27029d95da8d4813031870ba5573dde41bd7cf1d1e51,303,0,1,development
92,Image Editors_AniFX Portable.exe,2021-10-04 14:37:00,Image Editors_AniFX Portable.exe,6b5cf21b220cdb4d9123dade8fc16649,7273b36204070147bf7a9c8db8a40fd346b506d2ec60ee6894c30363c27fa8ff,304,0,1,graphics_pictures
93,Image Editors_Caesium Portable.exe,2021-10-04 14:37:01,Image Editors_Caesium Portable.exe,e1aed1fbc9e6c0726c72d107f70adab4,7a66aab47188b428361a72f5052b655c111c0e305eb298bb9640154a031fc8a5,305,0,1,graphics_pictures
94,Image Editors_FastStone Capture Portable.exe,2021-10-04 14:37:01,Image Editors_FastStone Capture Portable.exe,b1af7b032a6cd1e802d21ca85ba18e16,02fbe8da231fdb22f90cabbac810f5346a46a05414ebc23282b83eed97fd454b,306,0,1,graphics_pictures
95,Image Editors_Fotografix Portable.exe,2021-10-04 14:37:01,Image Editors_Fotografix Portable.exe,ba7b3728633b0fc1b4f3f0bc92ac7b92,ef0a80a7e5a111cdb88a734183f0e92ed04b4e47009642d496ddcc57c5ad4ea0,307,0,1,graphics_pictures
96,Image Editors_FotoSketcher Portable.exe,2021-10-04 14:37:02,Image Editors_FotoSketcher Portable.exe,4f488f08cc0ed30c2722185d01d0877f,dafdf6ef069cf4718fcbab302a529df46323b72ea8c145a1c6275309cf696393,308,0,1,graphics_pictures
97,Cryptocurrency_Litecoin Core Portable.exe,2021-10-04 14:37:52,Cryptocurrency_Litecoin Core Portable.exe,93518bdf07ea1949454594d155771dab,9e218ad3415dcf778cbd9c79ad557548b573153b7d12762ab8806c8c8531faca,309,0,1,office
98,Desktop Publishing_Scribus Portable.exe,2021-10-04 14:37:59,Desktop Publishing_Scribus Portable.exe,12a5a8c8b12fa61d98da7edb7038b148,306b8dc4ba2c1ba677aae7692db4ec37da1511ec71f1efa0e78f5436122cdb1f,310,0,1,office
99,Document Viewers_Evince Portable.exe,2021-10-04 14:38:01,Document Viewers_Evince Portable.exe,228621dbab1d0039a185484143cb86ed,02bcd2ea3533074f40c1ddc2613c507442f96ccb09d3fedb7d2278d0d5e018ab,311,0,1,office
100,Document Viewers_Foxit Reader Portable.exe,2021-10-04 14:38:12,Document Viewers_Foxit Reader Portable.exe,43218ae6f9081c9a6ddffc55701bd924,6b6b5259d6adefd101d3000d3950923362e68b286d37b34af94cd54b93a0a995,312,0,1,office
101,Disk Tools_JkDefrag Portable.exe,2021-10-04 14:38:38,Disk Tools_JkDefrag Portable.exe,e2ad2f59cd2c259cc684a0f873820e8b,bc14dead89d55e50e5f4828f84b654a1a4b16a1badf0b000fac45fd2cbb6a1e8,313,0,1,utilities
102,Disk Tools_rcvPortable.exe,2021-10-04 14:38:38,Disk Tools_rcvPortable.exe,301d987be7c901d0785d72dc4ea2c069,d4d704de328a52131e762349501a24ad1eb176d66f7e797d8b67bd18e5c67c1a,314,0,1,utilities
103,Disk Tools_Rufus Portable.exe,2021-10-04 14:38:40,Disk Tools_Rufus Portable.exe,020b317a7df1ab6135c8469f37dcf966,86ed7dc1095ae0f4f26cdf9734c3d8f551f164876548058ea07ea2cd20e43eeb,315,0,1,utilities
104,Disk Tools_Smart Defrag Portable.exe,2021-10-04 14:38:41,Disk Tools_Smart Defrag Portable.exe,22605c891e20ccc8a3375b597ecf356c,fc013346ac1063885ce82f73cfe90fdbc3dff45cc28a5bdf3f84fa5e9c858c8b,316,0,1,utilities
105,Text Editors & Integrated Development Environments_AkelPad Portable.exe,2021-10-07 12:21:12,Text Editors & Integrated Development Environments_AkelPad Portable.exe,aa324379319e254b5ee6ae8359c2860f,f26cfb5e1205a9bb0212afe4072a3a46361040f4d2478993d220117329576a28,317,0,1,development
106,Text Editors & Integrated Development Environments_Frhed Portable.exe,2021-10-07 12:21:12,Text Editors & Integrated Development Environments_Frhed Portable.exe,0fe5231bc1447068c308c0fc168d43b9,3c7dd6e98d2117ebd404b323625fec776f06973ae8748cddcd4d6359ab3234fb,318,0,1,development
107,Geography_Marble Portable.exe,2021-10-07 12:21:39,Geography_Marble Portable.exe,8f0fd0fdd9eae6050d6a389367f6122a,46c5b73989d877f0a198dfb6d6f8f4fded690ad935a6ddcba4893f7269d0631d,319,0,1,education
108,Genealogy_Gramps Portable.exe,2021-10-07 12:21:47,Genealogy_Gramps Portable.exe,793d312335169227b4b9c38c69e92f7f,b0cda94b05c70c4bef326a6f69cb3243e97182383a61e777350cec901ad28fb5,320,0,1,education
109,Adventure Games_The Legend of Edgar Portable.exe,2021-10-07 12:23:25,Adventure Games_The Legend of Edgar Portable.exe,6f97825cd382476e1774b99e513ab656,40b73000242f5e62aff1f041ec2e3ef7ab9571c333dec484b90387ba36a95ffe,321,0,1,games
110,Adventure Games_Mana Plus Portable.exe,2021-10-07 12:23:35,Adventure Games_Mana Plus Portable.exe,e0cbbb5280965c2d58832ee7d1106f48,a5d4cd0a4cfcd39ba132f8b866200b07e7f00eff633a8cecfc891eed6bd86043,322,0,1,games
111,Image Editors_GIMP Portable.exe,2021-10-07 12:24:51,Image Editors_GIMP Portable.exe,6577e965a71507fd9f36f5f69a7d0365,8a43f137316afce242338f6cb3aa6f7f00d8b77d1e0f278ce9129d782eb53655,323,0,1,graphics_pictures
112,Image Editors_Greenfish Icon Editor Pro Portable.exe,2021-10-07 12:24:52,Image Editors_Greenfish Icon Editor Pro Portable.exe,7725533e9a03ab3ceeb7dbfd0a1a47d3,1fb4935bc80e85c9cd965eaaf5ad0ef0ea59a825da5970795bbb12139d920a07,324,0,1,graphics_pictures
113,Browsers_Lynx Portable.exe,2021-10-07 12:25:22,Browsers_Lynx Portable.exe,00f7be845016223ac53d62572689e309,579114b0adfb52af7062110208fe68bf27c327556a5fc75a2cb20925537a6e31,325,0,1,internet
114,Browsers_Maxthon Portable.exe,2021-10-07 12:25:24,Browsers_Maxthon Portable.exe,0e89da3c9d1f448729ea34faebd89aa9,aafba97fe126721b40ba5d86ae87ab0468324ee820b9589ff73ed209d7953a09,326,0,1,internet
115,Audio Editors & Converters_LameXP Portable.exe,2021-10-07 12:25:43,Audio Editors & Converters_LameXP Portable.exe,9dd5f52532db636cf678296ffe56242d,7d6e67d145436a741688b8f8b2e7732913fdf7351dc68519f4b1655650b5eec1,327,0,1,music_video
116,Document Viewers_PDF-XChange Editor Portable.exe,2021-10-07 12:26:50,Document Viewers_PDF-XChange Editor Portable.exe,bbc2e5fdd09a8e3c4955b7bb37f21c0f,33c2864c33b48db2a531b99f0333e8e55786ba5a2606ab87ff6b0d99488bfc0e,328,0,1,office
117,Antivirus & Antispyware_mssPortable.exe,2021-10-07 12:27:20,Antivirus & Antispyware_mssPortable.exe,eaeedbe98068c1a47b957e6e9f168792,c40d0166b1b70a8d6379ea541350e3ea1a4acce1403c7f7c62681e103bf4c07e,329,0,1,security
118,Antivirus & Antispyware_Spybot - Search & Destroy Portable.exe,2021-10-07 12:27:29,Antivirus & Antispyware_Spybot - Search & Destroy Portable.exe,bea91af4bd8f6f5bdd7d1505ce64b9ee,c8a546d2a2b7dd091525fd7a0501626471bb6e1226beb76d8316c0d129373795,330,0,1,security
138,Disk Tools_SSD-Z Portable.exe,2021-10-07 12:27:44,Disk Tools_SSD-Z Portable.exe,3f8019fae1554d6e63b5172f26c96266,e71620ec8934f98f2bdf69d8aa1d98c62d39465d13834f1de6440c6aaae15049,332,0,1,utilities
139,Text Editors & Integrated Development Environments_gVim Portable.exe,2021-10-07 18:01:53,Text Editors & Integrated Development Environments_gVim Portable.exe,ed1af34c57d0c9450975e87b7d012e3f,b21d9c1d176adc5cd94017fcc455b5c1d23525da301caa35e51c4509fc7dc2fe,333,0,1,development
140,Text Editors & Integrated Development Environments_Geany Portable.exe,2021-10-07 18:02:04,Text Editors & Integrated Development Environments_Geany Portable.exe,3b8b5312713d5b261fc995df22a6684f,e7df1ff2de25bcd9af921c7c6c3baa71fb013c7f6ed716939dc7c7b5e5ee92c1,334,0,1,development
141,Text Editors & Integrated Development Environments_HM NIS Edit Portable.exe,2021-10-07 18:02:04,Text Editors & Integrated Development Environments_HM NIS Edit Portable.exe,b43d8a8cf63f6e81e18fcbf9d341e9ba,84a4c2c662e6e005d63843238125989552dbcc20cebdb5e2de1a030f250f99ad,335,0,1,development
142,Text Editors & Integrated Development Environments_Notepad++ Portable.exe,2021-10-07 18:02:09,Text Editors & Integrated Development Environments_Notepad++ Portable.exe,c090c2cfb28ca581b48477b146b895e5,2b0f74f296fbd310bbcb08aa4dd1e379da7c789e16014d79b15d562578fa5956,336,0,1,development
143,Text Editors & Integrated Development Environments_Notepad2 Portable.exe,2021-10-07 18:02:09,Text Editors & Integrated Development Environments_Notepad2 Portable.exe,e8450aa5bee3c192c45a051a1bc62df7,51a048bdfbe2c718312560cf49f31148ee8b78265e70345958c69f70f068d850,337,0,1,development
144,Text Editors & Integrated Development Environments_Notepad2-mod Portable.exe,2021-10-07 18:02:09,Text Editors & Integrated Development Environments_Notepad2-mod Portable.exe,0b131e5c0b9f94c541d162ddd725c78f,d9eca9bd677d3ffee01018f527c92d84d6d6bfb994a0bea49325be1131c4ff22,338,0,1,development
145,Translation_IniTranslator Portable.exe,2021-10-07 18:02:09,Translation_IniTranslator Portable.exe,c4e64015a58cef9ebdc62e224e47499b,b5ce167b949c0ed0033acc0427df0412ed717e42e42099381e4b3d44cb2b5b34,339,0,1,development
146,Web Editors_KompoZer Portable.exe,2021-10-07 18:02:10,Web Editors_KompoZer Portable.exe,e511668e1999e2631b4e3a7da6c7d09d,a60b5c160c2b722420c05e4f3dd6750d11bafc22851d3cde48247246b669d545,340,0,1,development
147,Memorization_Mnemosyne Portable.exe,2021-10-07 18:02:46,Memorization_Mnemosyne Portable.exe,39efe93738e139da636515a0064afed5,eef464ccdd7c9720378bd7670f198075dbd4750f4191775fa19d78ec69d0402d,341,0,1,education
148,Religion_BPBible Portable.exe,2021-10-07 18:02:47,Religion_BPBible Portable.exe,f2c4d7bddb119f35e4655d93915bfdc9,990f18d9dceeb26fc6e7ed60ac19c3dbdbc05ba2e095ae2230ad8edcfe856f8d,342,0,1,education
149,Technical Computing_FreeMat Portable.exe,2021-10-07 18:02:49,Technical Computing_FreeMat Portable.exe,d19e4a163bd54e4d6364da9b7a1c2af1,60c6d3e9a07c00780c489292caa9c89b3c52334e072c45b9151e888925362416,343,0,1,education
150,Typing_TIPP10 Portable.exe,2021-10-07 18:02:49,Typing_TIPP10 Portable.exe,2dcab6c42c03e387d687cebf5c7b8ef9,4cd0f919d243abd480b413ec5a507a1792545b48e0a38e1e9b4349a289ebed4a,344,0,1,education
151,Typing_TypeFaster Portable.exe,2021-10-07 18:02:59,Typing_TypeFaster Portable.exe,e76860743aa3f1666ce9ad60b0dfe59d,813d0279efbf3bbed7deb6fc994ccf091eeba2ea5a516ca4759e9b748f4e0118,345,0,1,education
152,Arcade Games_Armagetron Advanced Portable.exe,2021-10-07 18:04:43,Arcade Games_Armagetron Advanced Portable.exe,49aa1a9f5b7e105fa49b3467426223ec,6e80e7bd8fd4033397ca27e216f53d322613e4f5373d836e3f593100085c2f1d,346,0,1,games
153,Arcade Games_Atomic Tanks Portable.exe,2021-10-07 18:04:43,Arcade Games_Atomic Tanks Portable.exe,82f5fbf8195af68f2346f3fde44b4078,dbae3005b2e248b22bf9879a402dab0477c98ea8d3910de3e226b9c3ea5ff2b8,347,0,1,games
154,Arcade Games_Beret Portable.exe,2021-10-07 18:04:45,Arcade Games_Beret Portable.exe,e17978053512ef548b8f725f16c88e96,f7563b3ba4d9eda75e8d1999de4a6934b6e0b796dda9aca5cb37426e3cf25fd6,348,0,1,games
155,Arcade Games_Canabalt Portable.exe,2021-10-07 18:04:45,Arcade Games_Canabalt Portable.exe,964ed7b58a83088732dfb032bb8c574b,95606e5b80a8dffebb1d8ba89ea09225c95e15f389553890b36f4cd7bec99464,349,0,1,games
156,Arcade Games_Chromium B.S.U. Portable.exe,2021-10-07 18:04:46,Arcade Games_Chromium B.S.U. Portable.exe,b1721f066991eb909bb7078b03505edf,af6d27d9f03c1e7299bdd77b9ed45e7f1e75dfd03c611ebd3360670841fb494c,350,0,1,games
157,Arcade Games_Dave Gnukem Portable.exe,2021-10-07 18:04:50,Arcade Games_Dave Gnukem Portable.exe,9b58e827e725e492dfc59dded3cd0fd0,5ee3e1bb20c399d38feaf6a5acbdd0d98397a190b84ef01ed3ad2db154b463bf,351,0,1,games
158,Arcade Games_Hedgewars Portable.exe,2021-10-07 18:04:58,Arcade Games_Hedgewars Portable.exe,2b17e9ef356c16d13987e0be6ed24bea,2097ef3f6126f0aa1d63f47e0d1a827f3c42d3dda639fd6b5e541f58e57f3a51,352,0,1,games
159,Arcade Games_IceBreaker Portable.exe,2021-10-07 18:05:00,Arcade Games_IceBreaker Portable.exe,11293514a81a413676235ab08ce86fdc,411d5d967868fabcff2c35b5917977eb2973473f29d613d6b78de108752d4956,353,0,1,games
160,Arcade Games_I Have No Tomatoes Portable.exe,2021-10-07 18:05:01,Arcade Games_I Have No Tomatoes Portable.exe,085491622b1aa43e7d1ab2bfa91773a8,ff09a4d63b2dcc092ec63fe998cbf028a8c162422ee34fa9d69afc67d43038e1,354,0,1,games
161,Arcade Games_Kobo Deluxe Portable.exe,2021-10-07 18:05:01,Arcade Games_Kobo Deluxe Portable.exe,7e814cb7968f59c9d864599e663439c8,fce757df018fa2b95366fb49d30fb77665ba96428f053f587b7696328b7aca10,355,0,1,games
162,Arcade Games_LBreakout2 Portable.exe,2021-10-07 18:05:04,Arcade Games_LBreakout2 Portable.exe,979c36928266306bec94a4fffb285993,aa55edcff2e8f053f37c313450310946836b5d29dfe01af787d91f61f03f4266,356,0,1,games
163,Arcade Games_SuperTux Portable.exe,2021-10-07 18:05:15,Arcade Games_SuperTux Portable.exe,065d549d9a4ae8dd6ab0064facd6098d,2bf4e275dfe518331ad104cc8207ea849462a87f7de6f017f64e703f7add89f4,357,0,1,games
164,Arcade Games_X-Moto Portable.exe,2021-10-07 18:05:19,Arcade Games_X-Moto Portable.exe,65759b40c67f11608c58a4202640c74a,bf51755adc7acf3e321649be7b3d49d5e2199a5edbbc55c44d6e6edf9a771f45,358,0,1,games
165,Board Games_Brutal Chess Portable.exe,2021-10-07 18:05:20,Board Games_Brutal Chess Portable.exe,a99ca1a9e4d3e1aa051d5ff662bd93d3,f0b28504ec664520e6fb17e1e9addfa38dc84510c7b1ea49d3f068f247096fa2,359,0,1,games
166,Image Editors_IcoFX Portable.exe,2021-10-07 18:06:48,Image Editors_IcoFX Portable.exe,37a7a83fee7f590e16f0458c68cc663f,a17f11c4b02279b43cbde447b5d25b324baa7611156378174b264adc641f2bbf,360,0,1,graphics_pictures
167,Image Editors_IDPhotoStudio Portable.exe,2021-10-07 18:06:48,Image Editors_IDPhotoStudio Portable.exe,04232062b7b0da0d3d9eb8dc8f095870,bba4792c93ba95cea37adb9d2233b91a2c2504af6589229780dfe3d68cb6c054,361,0,1,graphics_pictures
168,Image Editors_Krita Portable.exe,2021-10-07 18:06:59,Image Editors_Krita Portable.exe,8b5b573ac8116360bf3c2297f47e5b1e,a373dcecf5b03c0853e081294154fe15330ed7061df07b811bf9fd29681ea767,362,0,1,graphics_pictures
169,Image Editors_LazPaint Portable.exe,2021-10-07 18:07:04,Image Editors_LazPaint Portable.exe,c9004fc58cd1ce1439f199677bce29fb,842c9f4669fcf7e5adeb1e5c886feda38c925115a299639779b84a3d98461131,363,0,1,graphics_pictures
170,Image Editors_MyPaint Portable.exe,2021-10-07 18:07:08,Image Editors_MyPaint Portable.exe,436ae74e3a33ae26a0946a53af3d52f5,95c9b61d47a53ae16f4cb6471a99cdf15c66c4d97b294f199bd02a8bf6f7cc10,364,0,1,graphics_pictures
171,Image Editors_PhotoFiltre Portable.exe,2021-10-07 18:07:08,Image Editors_PhotoFiltre Portable.exe,98475fde4c52d4142f815e2039bae8fd,671e99acd38fdab12a7937e8421c56ec3cad64eeb91f202189ccad57002aeeda,365,0,1,graphics_pictures
172,Image Editors_PhotoFilmStrip Portable.exe,2021-10-07 18:07:12,Image Editors_PhotoFilmStrip Portable.exe,006222a214eb522e732a285860da2685,a2202b1c30250539bb2aea7c9fe55998093e6b3e6c40dcfb8cebcecf7d883460,366,0,1,graphics_pictures
173,Image Editors_PicPick Portable.exe,2021-10-07 18:07:12,Image Editors_PicPick Portable.exe,6f9f7189540909088165517cfb64744f,a1181cb481cc8ca57d5fd09a044bd0890a26b3ebcf14d746a0af186da08193d5,367,0,1,graphics_pictures
174,Image Editors_PngOptimizer Portable.exe,2021-10-07 18:07:13,Image Editors_PngOptimizer Portable.exe,86b0adade7bf39860c1d025547eb4e95,155cb7bdbaee5e16007b3f41d768f655cce14f81681aa14cd7cc1fa744c2ca6b,368,0,1,graphics_pictures
175,Image Editors_RawTherapee Portable.exe,2021-10-07 18:07:16,Image Editors_RawTherapee Portable.exe,c6743f6313723793e2023a18192dcf6f,a242fb7293fcba02c7f0fa1337c891e63ba7504b8703af71eb506c7799785d30,369,0,1,graphics_pictures
176,Image Editors_Smart Deblur Portable.exe,2021-10-07 18:07:17,Image Editors_Smart Deblur Portable.exe,ea1942d6b71984fa8677a3b9d0d4c42b,acda4f5448b1da3633da5a240ffacd64bd89abf55c3ef6f162fe5326f4810973,370,0,1,graphics_pictures
177,Image Viewers_Cornice Portable.exe,2021-10-07 18:07:17,Image Viewers_Cornice Portable.exe,d95a1f7e5cfec2733c3667124d85ac1c,57aa524c113e525f69d5b17902238b7e05a4bb7c0d9924911a4c818c6e2630af,371,0,1,graphics_pictures
178,Image Viewers_DiffImg Portable.exe,2021-10-07 18:07:18,Image Viewers_DiffImg Portable.exe,c7b1fb6c62f852d20facd36b87e67f5c,73ac9ba6e82867d8d7fe4f1feb76b7c9f2801b02545954b4fb0279aaa256d4da,372,0,1,graphics_pictures
179,Image Viewers_FastStone Image Viewer Portable.exe,2021-10-07 18:07:18,Image Viewers_FastStone Image Viewer Portable.exe,6caa9823271cb69f3878b1d1e86e0322,bd79787ec3cc869f836cb1779601ded45ebd7f28744f8ed4aa3a01de6ddca0e0,373,0,1,graphics_pictures
180,Image Viewers_IrfanView Portable.exe,2021-10-07 18:07:19,Image Viewers_IrfanView Portable.exe,79074497ffaa913ea71e5d327f25e075,201b3ec6f33f90a5b9139539c75b716617c0203e21b0eb1f258c9f04a6d84029,374,0,1,graphics_pictures
181,Image Viewers_JPEGView Portable.exe,2021-10-07 18:07:19,Image Viewers_JPEGView Portable.exe,207db8373c4d3f26240873f4e588081b,26ced8c596a80eec079db93db341b88b3db9f4e3c5479818a5f6e99a29bfa73d,375,0,1,graphics_pictures
182,Image Viewers_XnView Portable.exe,2021-10-07 18:07:19,Image Viewers_XnView Portable.exe,61ea527510b33cb2f72f5d03798e4b9d,405166425909dbb18e3695b9d40bc3d4c8ec2f1f49f94171cf1458e2ff123d97,376,0,1,graphics_pictures
183,Rendering_AndreaMosaic Portable.exe,2021-10-07 18:07:21,Rendering_AndreaMosaic Portable.exe,9d822286c5654e0bc1471cee1fc7f77a,8a89c1d193836cd4035b51648559c99665fa867d815cd14960d2ac96d41d0b0a,377,0,1,graphics_pictures
184,"Browsers_Mozilla Firefox, Portable Edition.exe",2021-10-07 18:07:59,"Browsers_Mozilla Firefox, Portable Edition.exe",b00713bf31f76ba7b120ac010cc34d98,5c8d41e7185cc29002603f7af3e5b0bc85ace674affb9b710e7eb661fbf87990,378,0,1,internet
185,"Browsers_Mozilla Firefox Developer Edition, Portable.exe",2021-10-07 18:08:07,"Browsers_Mozilla Firefox Developer Edition, Portable.exe",d7089c25acbcd91e34d7af0041fd33f2,8514651caa7276c625cc13142b8ef78d9848be6ef8eaa2132bc338920c046863,379,0,1,internet
186,"Browsers_Opera, Portable Edition.exe",2021-10-07 18:08:14,"Browsers_Opera, Portable Edition.exe",9b2877d96abb8cfe954ba66389365484,c6a9092df198bb526b2fbb079fcf959ec47b74beae15d585af4f56b793cd09bc,380,0,1,internet
187,"Browsers_Opera GX, Portable Edition.exe",2021-10-07 18:08:23,"Browsers_Opera GX, Portable Edition.exe",ac677fa4e50200ca820fe0cc7d14506b,6dc8f86a393f2904901ece823baec734bfb18a91d0c8a61b8eb13f0e57b784ff,381,0,1,internet
188,Browsers_QupZilla Portable.exe,2021-10-07 18:08:25,Browsers_QupZilla Portable.exe,d3a3db4df12ce794c7b709f868525966,04b5d6b6d7423dc5cd8145dbe573fbeab0c5f46aedd68d0363c9081c4140ff82,382,0,1,internet
189,"Browsers_SeaMonkey, Portable Edition.exe",2021-10-07 18:08:32,"Browsers_SeaMonkey, Portable Edition.exe",26cc7e002f1f8d39de0971105015372e,fdd8ae54530f4cb9c35b7500275dde256f9b487625f61ca27b731610ed2a3644,383,0,1,internet
190,"Chat, Instant Messaging & Phone_aMSN Portable.exe",2021-10-07 18:08:33,"Chat, Instant Messaging & Phone_aMSN Portable.exe",b5b688f84c70246ef80bb0635907f31a,f7031f8cc782cab54e19d333dccb5087671fccedb4133aa5a280325de0d87a71,384,0,1,internet
191,"Chat, Instant Messaging & Phone_HexChat Portable.exe",2021-10-07 18:08:43,"Chat, Instant Messaging & Phone_HexChat Portable.exe",4e106f1818abe9a423f5af1ba2c639c2,7d998b7269152f7f2b781f987ac43b74990d5910e14f80af589ead0337fc9ad1,385,0,1,internet
192,"Chat, Instant Messaging & Phone_Isotoxin Portable.exe",2021-10-07 18:08:43,"Chat, Instant Messaging & Phone_Isotoxin Portable.exe",941a30dad8b6d8144ef26f78d933c590,4c04081587d51400bb4b8ae6a9785897e3ea3244d312b4a546389572da6a10cb,386,0,1,internet
193,"Chat, Instant Messaging & Phone_KVIrc Portable.exe",2021-10-07 18:08:47,"Chat, Instant Messaging & Phone_KVIrc Portable.exe",44c0aac38a6902cdc54d33261a057d38,7edac9913c775d16f52c49f73f4a18d7ddf3d6363c777212b748d5fa6d5278e9,387,0,1,internet
194,"Chat, Instant Messaging & Phone_LAN Messenger Portable.exe",2021-10-07 18:08:48,"Chat, Instant Messaging & Phone_LAN Messenger Portable.exe",cb96b01372a5ca3dfd7871519558240c,94bb9d6c0cb2a5a516f30e2ee9ced1811eb3cf0bf6ea225ea0d4e10e0ee4e14b,388,0,1,internet
195,"Chat, Instant Messaging & Phone_MicroSIP Portable.exe",2021-10-07 18:08:55,"Chat, Instant Messaging & Phone_MicroSIP Portable.exe",c63c355f9de74cef4413152e1cc83b5f,290d6e51ff9c09387d97bc647a7e85a0562339149b86c89a7a31b02b6f78e6cf,389,0,1,internet
196,"Chat, Instant Messaging & Phone_Miranda IM Portable.exe",2021-10-07 18:08:55,"Chat, Instant Messaging & Phone_Miranda IM Portable.exe",fe23b946cf7fca04b0539563eec9ad13,d62ce945021928517c62662fbd41bdabe75c8832cf7d99c21d375a9a88be3e3a,390,0,1,internet
198,"Chat, Instant Messaging & Phone_Mumble Portable.exe",2021-10-07 18:09:12,"Chat, Instant Messaging & Phone_Mumble Portable.exe",48c1d8d95fce2ea858bc0a2fecaadb9f,e5b40ee733ea69b34d7c3b2ca52d42d1d9a7832543976bf7b261e99264078de5,392,0,1,internet
199,"Chat, Instant Messaging & Phone_Pidgin Portable.exe",2021-10-07 18:09:22,"Chat, Instant Messaging & Phone_Pidgin Portable.exe",411180331b02e91a0459902f4aeeceac,4c70377bed9a54b7c243b791bba17b6b22e89dc75231db27ab8aa4eae67dc44a,393,0,1,internet
200,"Chat, Instant Messaging & Phone_qTox Portable.exe",2021-10-07 18:09:33,"Chat, Instant Messaging & Phone_qTox Portable.exe",91be9bc874f928ec0adbc0fa49be23e7,202d42b220467953ba63c73201e6da7981134ccbbfbd56850624ce22bc1688d7,394,0,1,internet
202,Audio Editors & Converters_Mp3splt-gtk Portable.exe,2021-10-07 18:09:43,Audio Editors & Converters_Mp3splt-gtk Portable.exe,9cef006a65b5ec7624cf5c70ac2d6bf2,dfcd6f533896952ab60ee0ec74b71a9e1a955ba0d944bdca188be835d98cdf32,396,0,1,music_video
203,Audio Editors & Converters_Paul Stretch Portable.exe,2021-10-07 18:09:43,Audio Editors & Converters_Paul Stretch Portable.exe,2c57a93a1c6d7d7377500b8d15edc803,dc70e4001b3995f60d4e4d7ad5ecec534159673b1886ae79c2445374ad74811b,397,0,1,music_video
204,Audio Editors & Converters_TAudioConverter Portable.exe,2021-10-07 18:09:45,Audio Editors & Converters_TAudioConverter Portable.exe,b3ff59609345fdacf149402cbd1620c4,b6af4da110698a96170bcd79e91d8fffb29ff9fa934aaac2e6db714a45342619,398,0,1,music_video
205,Audio Editors & Converters_winLAME Portable.exe,2021-10-07 18:09:50,Audio Editors & Converters_winLAME Portable.exe,f01c64e5a213b0215eb90fe1be92ba08,ffef6c6d6bc710e29b6e39a90546e57e140dbfb904b4f2809ff8e1602a2defb6,399,0,1,music_video
206,Audio Editors & Converters_wxMP3gain Portable.exe,2021-10-07 18:09:53,Audio Editors & Converters_wxMP3gain Portable.exe,2ddeefb739bbb4e153290c09878fca82,2c1fb454dcd3c6be18388b8a8936cc6e97ba3838edf0edd2638f5b1093aeb732,400,0,1,music_video
207,Media Players_AIMP Portable.exe,2021-10-07 18:09:54,Media Players_AIMP Portable.exe,31a75665a18f65f764e4258ba58b50ac,59cfaa2f93b3e292c2278f21c237744f479f848afd4609cab8ed82d32609d0f9,401,0,1,music_video
208,Media Players_CoolPlayer+ Portable.exe,2021-10-07 18:09:54,Media Players_CoolPlayer+ Portable.exe,e9d68d1ad9873339d6ef0fd5a2e1f0bd,7ead6a2734ac3a626bc6222e63db4b4b6480dd5cd002247478b23d2721d5ffbc,402,0,1,music_video
210,Media Players_Media Player Classic - Home Cinema (MPC-HC) Portable.exe,2021-10-07 18:10:14,Media Players_Media Player Classic - Home Cinema (MPC-HC) Portable.exe,8f983aa2f15e831c3035c167b5408502,49b525e253d9b9161b21cf652a92d5061a316732bc72934bfdf5363d67f1e032,404,0,1,music_video
211,Media Players_PotPlayer Portable.exe,2021-10-07 18:10:15,Media Players_PotPlayer Portable.exe,d14beaca150ea61347e9efb9e422f697,5469463189bbcd881b21adb46fe8c3cd63ab840a44045ccddb4602ffcbf11e6f,405,0,1,music_video
212,Media Players_Qmmp Portable.exe,2021-10-07 18:10:26,Media Players_Qmmp Portable.exe,c336b02e67c993dd6feec38f5a4cf7ba,c873ab3320097d54539c18ffcb568954623633e55ab26ebb9afeccba62975cfc,406,0,1,music_video
213,Media Players_SMPlayer Portable.exe,2021-10-07 18:10:32,Media Players_SMPlayer Portable.exe,45ebe56d064b2873dafa7a40f705354c,3be1a2d8c85d6ac58e9a9563501c9c20fd6f90ec9c45e049f249b4d8e9e027e8,407,0,1,music_video
214,Media Players_VLC Media Player Portable.exe,2021-10-07 18:10:38,Media Players_VLC Media Player Portable.exe,44d43bfc1cace54750e6c63c9ca9e181,088fc29be49d514c5f632db0a64411089e29764f07cfb8bd9468b205a5c84210,408,0,1,music_video
215,Media Players_XMPlay Portable.exe,2021-10-07 18:10:38,Media Players_XMPlay Portable.exe,7760f08a75493907cc6e8854f2e51030,1d5cd5e4f0c6a04c6dbc7469b484a00573dd2d1dec04116148aa28cd48f1f18a,409,0,1,music_video
216,Media Utilities_MediaInfo Portable.exe,2021-10-07 18:10:42,Media Utilities_MediaInfo Portable.exe,c3994e46b92e94830932bbbe9d7e1cdd,2dd0fbb9f8b90cd6dd1fdf49e277b6dda1c53bda5c5c6d3aa2262c71613472bc,410,0,1,music_video
217,Media Utilities_MusicBrainz Picard Portable.exe,2021-10-07 18:10:46,Media Utilities_MusicBrainz Picard Portable.exe,f13404a17b3141b93bbb28b7561178ae,559631ada3837d178f4b6f71f40b47340ca2f6c31716622f2cc6de21b9e2aafb,411,0,1,music_video
218,Music Creation and Notation_Mixxx Portable.exe,2021-10-07 18:10:51,Music Creation and Notation_Mixxx Portable.exe,4d4f2efa0de959ee90efcafad15654c4,583c55f4503fd20a910fbf6a3432786877128ed76afa1fbdc948b70e5928311b,412,0,1,music_video
219,Music Creation and Notation_MuseScore Portable.exe,2021-10-07 18:10:58,Music Creation and Notation_MuseScore Portable.exe,b27d69d342e5705fcd282e97388de6b3,f6288feae230eed481b4cef1b943c6d1f686ce1a5193cb40973257a2f19e2d4a,413,0,1,music_video
220,"Video Editors, Converters,  & Recorders_Avidemux Portable.exe",2021-10-07 18:11:05,"Video Editors, Converters,  & Recorders_Avidemux Portable.exe",fc64351fc7f502f8b29b67528ba32584,2af42aaac012c68c85c1ac434b7f288a4af5ec00714110d8f86b71c66f21f414,414,0,1,music_video
221,Document Viewers_PDF-XChange Viewer Portable.exe,2021-10-07 18:12:15,Document Viewers_PDF-XChange Viewer Portable.exe,aefad34119a3564ecf4e07e0d05873a2,2d774ca389c64da2f17a203ecbb1e0d206c7bc7f0072242c4e581bcdac8f3308,415,0,1,office
222,Document Viewers_Sumatra PDF Portable.exe,2021-10-07 18:12:23,Document Viewers_Sumatra PDF Portable.exe,3798ea1b5f42fa0bebb84f21b886cf1e,5566019a710e2a0989eee90a371b345aec53669a5bdd8bc5e6e42ab5cd268a55,416,0,1,office
223,Document Viewers_WinDjView Portable.exe,2021-10-07 18:12:23,Document Viewers_WinDjView Portable.exe,7db701d443e30b7ec1a23edc065004d3,dad3056f59446c5215d005f7f83d432c1092aaf98c2e81f81f8f43e0ba5c6132,417,0,1,office
224,Financial_Finance Explorer Portable.exe,2021-10-07 18:12:24,Financial_Finance Explorer Portable.exe,4618677c12e02f49de6b755489869887,f289472f58db71b7027e8c918df94406ad3d41442be680c7719271c6a2467b27,418,0,1,office
225,Financial_GnuCash Portable.exe,2021-10-07 18:12:30,Financial_GnuCash Portable.exe,9b065f2181490237c9e47ee5890debed,44ba2bbb276ef660312a738692d1f346289b4306e47406a05ee1c3735450dbdb,419,0,1,office
226,Financial_Money Manager Ex Portable.exe,2021-10-07 18:12:38,Financial_Money Manager Ex Portable.exe,ffda9d19101cd965d359ea0a4d5a481b,ee6f0d3e6e32efcf79a13aca3485faf77da144596388417c80e7e881bf15d5fc,420,0,1,office
227,Journaling_RedNotebook Portable.exe,2021-10-07 18:12:45,Journaling_RedNotebook Portable.exe,91549e89e43f50fb6b94f302b7d8eb7f,29b35090cf512e64eaa0b4d34887fd241c8a41e836a6f1c937017a4295623bef,421,0,1,office
228,Office Suites_Apache OpenOffice Portable.exe,2021-10-07 18:12:55,Office Suites_Apache OpenOffice Portable.exe,c728533dc445566408f3210880b06891,e52f9f6d0b482e9605d72970ff8ee7a9392ceea817a5b7cc95165f89a6df813f,422,0,1,office
229,Encryption and Signing_GPG Plugin Portable.exe,2021-10-07 18:13:27,Encryption and Signing_GPG Plugin Portable.exe,3d8da79a10098adf511f209a657d302b,94b7bfa3cc92837b96fa554c5589eebc975a276ee6989cf1708fac4e58ec0a2a,423,0,1,security
230,Encryption and Signing_VeraCrypt Portable.exe,2021-10-07 18:13:34,Encryption and Signing_VeraCrypt Portable.exe,6eca833024ef47d4297dbe159db74062,f21789813565ed6486e70a99005bbd7e57f8046c4e21a9bdb2d4d7140924f727,424,0,1,security
231,Firewall_PeerBlock.exe,2021-10-07 18:13:35,Firewall_PeerBlock.exe,3eec2aaddeced15cce3ea3948839cc7b,ec1e3ce4a3cab4defd7cfe2d038ede64bda1818674d2c09ff9fd7536a4fb1769,425,0,1,security
232,Password Managers and Generators_KeePass Classic Password Safe Portable.exe,2021-10-07 18:13:37,Password Managers and Generators_KeePass Classic Password Safe Portable.exe,8731006d7b5a100f1411c6f0dccfae72,dc5957b1dfe81f3bbeebb58b8a50c528a5372aab429b2464aca18fa9d324b007,426,0,1,security
233,Password Managers and Generators_KeePass Professional Password Safe Portable.exe,2021-10-07 18:13:41,Password Managers and Generators_KeePass Professional Password Safe Portable.exe,b2f0fd2f599cbc48769dbed7ddf898e8,5cc94a4832ec4eebff73723a619c5d6094410000ce352f8d074ed9a53a1dacb8,427,0,1,security
234,Password Managers and Generators_KeePassXC Portable.exe,2021-10-07 18:13:45,Password Managers and Generators_KeePassXC Portable.exe,ee2e04d514b4ba40e5302fc4ba5e2ae2,24e66a8c7cd55903b9f69555165cac29cc76af4f94d48050a1063a50c5ffb918,428,0,1,security
235,Password Managers and Generators_Password Gorilla Portable.exe,2021-10-07 18:13:45,Password Managers and Generators_Password Gorilla Portable.exe,f9c05aa81eb96cc99a48540430bcc1cb,5de4846d1b5195189835ccb75ae741c8de7600f609d050a4c1aaa23bd38ed691,429,0,1,security
236,Password Managers and Generators_PWGen Portable.exe,2021-10-07 18:13:48,Password Managers and Generators_PWGen Portable.exe,54046c534d20a1d926f4a9928a59c474,770b4884e2a50e6f2b93a3d95c9a73c80febabca210e420fdf4c420380dd152d,430,0,1,security
237,Secure File Deletion_Eraser Portable.exe,2021-10-07 18:13:48,Secure File Deletion_Eraser Portable.exe,8ef81be0347c74e1f7c4e24836702ade,b225803b2dd45ecff8591982ada21d89b5ec7be6edc31e95cb91dff82ff64f59,431,0,1,security
238,Secure File Deletion_EraserDrop Portable.exe,2021-10-07 18:13:48,Secure File Deletion_EraserDrop Portable.exe,e64cf04eeb6aac131571c9de9126767a,89998bb3abb51a87e5f374ad5d1362fa889373a8b0b98954506c6556724422c1,432,0,1,security
239,Disk Tools_UNetbootin Portable.exe,2021-10-07 18:13:59,Disk Tools_UNetbootin Portable.exe,e743723c40cb5f00fb3d4ca622a8eaa0,8a5015cb87a7b3347a0bb9aeccc6f8e24f6538f07cd3c7f4b65e7880a2dcc885,433,0,1,utilities
240,Disk Tools_UltraDefrag Portable.exe,2021-10-07 18:14:02,Disk Tools_UltraDefrag Portable.exe,23691082d503028103dc656ab7320549,fea9f9282e6dcd1ffa71f1f2b9229ffa1de7814b0b856f14ec82ccb5f06feefd,434,0,1,utilities
241,Disk Tools_WinCDEmu Portable.exe,2021-10-07 18:14:02,Disk Tools_WinCDEmu Portable.exe,d0773aed7c4595140b43c190fce9ac33,8bf44e4233659f8299cef35e6ea3b59d9ba0a990c34c0cc47803524f065c733b,435,0,1,utilities
242,Disk Tools_Wise Disk Cleaner Portable.exe,2021-10-07 18:14:12,Disk Tools_Wise Disk Cleaner Portable.exe,7248a0e653838796f539832597bd0b28,a1b019222dce430f4970f871234ee8b25434b1f56f2b3c7064a539d7915f94e0,436,0,1,utilities
243,Disk Tools_YUMI Portable.exe,2021-10-07 18:14:16,Disk Tools_YUMI Portable.exe,cce19e4c9b326d547844fedad0d7a148,557730dce76fb2a3697c3790c8af91a56a509b41ef6526ee1b015e9924a1757c,437,0,1,utilities
244,Disk Tools_YUMI-UEFI Portable.exe,2021-10-07 18:14:23,Disk Tools_YUMI-UEFI Portable.exe,161427ff5fa9678973cb11a277eb24a9,7247d38557c05256a2b2a55c8ceb477a2c433aa37f9092962687629bc0814b52,438,0,1,utilities
245,File Comparison_Diffpdf Portable.exe,2021-10-07 18:14:23,File Comparison_Diffpdf Portable.exe,47051214c2893c35314192518626e834,bc00c5d2b7c4661c9815097bff81684d4b3c6e0235d77cff300ef4c37918b761,439,0,1,utilities
246,File Comparison_Duplicate Files Finder Portable.exe,2021-10-07 18:14:23,File Comparison_Duplicate Files Finder Portable.exe,89e7b30cab310acd90dc57eecb1c18cd,6389121821ae3c480d0fc754cf05b6da24848b6d0b9e00f631bca4ec54c9387e,440,0,1,utilities
247,File Comparison_Regshot Portable.exe,2021-10-07 18:14:24,File Comparison_Regshot Portable.exe,0c05cb7bfa2a9572b8d9bf3f52233315,1c209b731ecb4c76bdac01ec789c8c8fce59bb7aa145c4791c8d4a4932bfdf74,441,0,1,utilities
248,File Comparison_WhatChanged Portable.exe,2021-10-07 18:14:24,File Comparison_WhatChanged Portable.exe,b318cfa3c2019a6a1c9554f71e91b841,b79559c5e0a0cee775bee1517115e3326ab9f69896b8cdd85e3925bdeabcff75,442,0,1,utilities
249,File Comparison_WinMerge Portable.exe,2021-10-07 18:14:32,File Comparison_WinMerge Portable.exe,5e47053c13721a9a4a0ef9a1658da388,d521c663105754cf6469d3a983fcf28fb26b1cbaa6aa24b7114d34030be766af,443,0,1,utilities
250,File Comparison_WinMerge 2011 Portable.exe,2021-10-07 18:14:42,File Comparison_WinMerge 2011 Portable.exe,01186706314173e0eb097c71e80b068c,b731be90c9bfc1432b17bbfeda8f8791ea3dba3a32437aea556b0c11dacc451a,444,0,1,utilities
251,File Compression & Packaging_7-Zip Portable.exe,2021-10-07 18:14:46,File Compression & Packaging_7-Zip Portable.exe,7c8693ea50f794c2397d8c6529437cf2,6caa61cc53b83b44bef6276ceec4dbc08411b23ce9872bcede940ed472c6866f,445,0,1,utilities
252,File Compression & Packaging_FileOptimizer Portable.exe,2021-10-07 18:14:54,File Compression & Packaging_FileOptimizer Portable.exe,8814f036a1af68e7674156f090287750,b197d91c180e31de247c4cf25834c5b8c647bcb353bb60190a0cb4b4f52b38c0,446,0,1,utilities
253,File Compression & Packaging_FUPX Portable.exe,2021-10-07 18:15:04,File Compression & Packaging_FUPX Portable.exe,6b5b81a1d514fe2ddc3b68759c470e5d,97141b2ccf3b5b077ba509f8f94893f5969285a370d8a1f6b97fcc7d6ca7076c,447,0,1,utilities
254,File Compression & Packaging_PeaZip Portable.exe,2021-10-07 18:15:13,File Compression & Packaging_PeaZip Portable.exe,d2f65aaac4effa6607f2e8ece8b731a0,086d61264c85b16c4904e1cabe509641fcf23238ab3454379a11528a4ce0388a,448,0,1,utilities
255,File Compression & Packaging_PortableApps.com AppCompactor.exe,2021-10-07 18:15:17,File Compression & Packaging_PortableApps.com AppCompactor.exe,371ed7ad08fbb2542307dd1243c9a11f,417a07059af18f2ee754e714952a923973423865c099974ab212995421f9e95a,449,0,1,utilities
256,File Managers_CubicExplorer Portable.exe,2021-10-07 18:15:18,File Managers_CubicExplorer Portable.exe,c130428a6ce924881c51718012c38929,b80303ac5429803f60cbb8c93bcc9d2fb1adf191e324ce9439dd2557d4978455,450,0,1,utilities
257,File Managers_Explorer++Portable.exe,2021-10-07 18:15:18,File Managers_Explorer++Portable.exe,702c6f0cd2273786596d979ba379881e,3ad1581a219b3edd8bc952dd906614a9503e53812b64fa2324212a8154774904,451,0,1,utilities
258,File Managers_FileVoyager Portable.exe,2021-10-07 18:15:19,File Managers_FileVoyager Portable.exe,608cd1eead15c9c6e3f4b3413a5145f3,3efac73ed57bc5c3bcfa60dcee7c6fd1ac8ca19023e702b096dcc631a7e3eeb2,452,0,1,utilities
259,File Managers_FreeCommander Portable.exe,2021-10-07 18:15:20,File Managers_FreeCommander Portable.exe,71e5e45711f605541d090a37ccc5474f,096c4bfb8b9acdcfba84b0433696129a754268cfdd5143f91662a0cda574ed87,453,0,1,utilities
260,File Managers_Q-Dir Portable.exe,2021-10-07 18:15:20,File Managers_Q-Dir Portable.exe,5a198f67c7188d19f4e8ed0c9758df75,fcb186ca92bcf2b85490d4c49979fce725dc1fe17a51386fbc17dc949d078f33,454,0,1,utilities
261,Font Tools_FontForge Portable.exe,2021-10-07 18:15:24,Font Tools_FontForge Portable.exe,804ecaeb425026439befcbf282674de9,1189773a74c0f2e6ec68ed08fc9c6114a45108066c80050fa897956a4686691b,455,0,1,utilities
262,Other_Ant Renamer Portable.exe,2021-10-07 18:15:24,Other_Ant Renamer Portable.exe,02e1d059e44be8872e0fa8f237ce6be6,648b4ffd8dbf9b5ee9a7273d4c17e958061ca9fbe46cadfb9db7ad580d9157e3,456,0,1,utilities
263,Other_AquaSnap Portable.exe,2021-10-07 18:15:24,Other_AquaSnap Portable.exe,a92a27555c89657ab9d1f516bfb1fe18,a609e0c72d93caebb606b6663fce9061a9087e242585194717c8900aa1a9e270,457,0,1,utilities
264,Other_Autoruns Portable.exe,2021-10-07 18:15:24,Other_Autoruns Portable.exe,e9d9b533cbad37384af28a08cadd8a0a,5ebbf9d3699a4f7754faf98a3f6633f0b06848b6cf9c5f0711754fc8d75670da,458,0,1,utilities
265,Other_BabelMap Portable.exe,2021-10-07 18:15:24,Other_BabelMap Portable.exe,295da82e8158892ce144bf1f1c28a9b9,dc4c6e1a6185cba6b1d894f172123aaf52ed260618388e27fbe9467918aea84c,459,0,1,utilities
266,Other_BleachBit Portable.exe,2021-10-07 18:15:33,Other_BleachBit Portable.exe,91a687939bc3861e343834d1dc313731,68ce43bf70f4f8625fb8a676ff0d7b3d02b3b09a9bff47e4ce54e01b3927bba0,460,0,1,utilities
267,Other_BOINC Portable.exe,2021-10-07 18:15:41,Other_BOINC Portable.exe,f1e223683519ab71d69ef2faf557a634,0ba46446fd8a8349204ee934e4068b3dab006845d1bb9793d8de6fa8e9a0d01f,461,0,1,utilities
268,Other_CamStudio Portable.exe,2021-10-07 18:15:51,Other_CamStudio Portable.exe,21e5e16a4b259110bf1c2e32b5916192,8739bcb2c2288799ac47afecfd1079cf2b8a5ae8bb57f7dbc07a5d16b5efa451,462,0,1,utilities
269,Other_ccPortable.exe,2021-10-07 18:15:51,Other_ccPortable.exe,652bdc86996b4ba395ffabf188653724,5dd2208b9709a9114860e2cb705d3fb18ffbcaf3f4d71c4269366eac0fa4ab02,463,0,1,utilities
270,Other_Checksum Control Portable.exe,2021-10-07 18:15:54,Other_Checksum Control Portable.exe,551a8a4b447373ddf0a1289a37a97c83,12986975bf6377d5c01ff6985af32d50c30adfaca1593d113b77e0f54a9633f6,464,0,1,utilities
271,Other_Command Prompt Portable.exe,2021-10-07 18:15:57,Other_Command Prompt Portable.exe,89eb95b4c1f3a811e4ca77418e58a70f,cfa1818bbca8013c8ea41d920314b591d8bf7300c6b3f9a2c02b0a9288e79f6a,465,0,1,utilities
272,Other_Console Portable.exe,2021-10-07 18:15:57,Other_Console Portable.exe,9ed992b78fcc01d80c925a4fc44aa7cc,e59194cb1dc42b5cd68d4b642a627869602b67e02d84ff46456ed5a4876efa9f,466,0,1,utilities
273,Other_ControlPad Portable.exe,2021-10-07 18:15:57,Other_ControlPad Portable.exe,b05d38a295e8527fbfa143f13716ab71,8e53dead0b8e0a136e126f45328a940427aabcbe4a16e77aaff6bb9e609e5f9f,467,0,1,utilities
274,Other_Converber Portable.exe,2021-10-07 18:15:57,Other_Converber Portable.exe,67dba80eacf2a2f73234d6a5cdef8229,85ec0a9865b5982ddae8bce00c2252291e4ea39a32ec8b57ba1540a5bacad821,468,0,1,utilities
275,Other_ConvertAll Portable.exe,2021-10-07 18:16:07,Other_ConvertAll Portable.exe,dd5535423b582e8db7e8f63be11e0813,57fa9bc9b64b04cb7c16cddd0c1f69bb46ed2363085b720d13b228ccb27e8b87,469,0,1,utilities
276,Other_CopyQ Portable.exe,2021-10-07 18:16:15,Other_CopyQ Portable.exe,b334a603d3e1b061533629c241481c8a,cb72a0246a170f2aee4bfd2012876d75a74dc9ffdf7048316adbc71ca7974630,470,0,1,utilities
277,Other_CPU-Z Portable.exe,2021-10-07 18:16:15,Other_CPU-Z Portable.exe,61d6b16481e0877c9e2f299b2a095363,a9a965487e2c99b6ce3cfc7daa8681e3cd1af4927454952940ec7400c3fb37a6,471,0,1,utilities
278,Other_DebugView Portable.exe,2021-10-07 18:16:16,Other_DebugView Portable.exe,27956d70495f20dea51962b728dd53c9,85e3be65508ade1b8406e64904d13f156deb976102965e8ddcb50eeace567bc5,472,0,1,utilities
279,Other_Ditto Portable.exe,2021-10-07 18:16:19,Other_Ditto Portable.exe,91c8b3273cff60f3611dcd70f5897d38,72bf239d274e0e91aa8972f5fe5cbaac40fcb93ba452c38a7c79954f03a0a43f,473,0,1,utilities
280,Other_dotNETInspector Portable.exe,2021-10-07 18:16:19,Other_dotNETInspector Portable.exe,45fe4e2fa1a0466bd677ae3606f0e5bb,608beb64be5bebe6d576f6ef2d0493a6f73ef85f75ff121b05c38eb7028e118c,474,0,1,utilities
281,Other_DUMo Portable.exe,2021-10-07 18:16:20,Other_DUMo Portable.exe,139ac3ff18e9a64b974c48e2b1c4f06b,9a307deddce17e746fbb32ea5380320ae94ad578766e9b03f0d8c198ca49c8de,475,0,1,utilities
282,Other_FastCopy Portable.exe,2021-10-08 14:24:53,Other_FastCopy Portable.exe,be1342f969b594ee158ba8ef4e45c899,e18535fc42355b4fd05e2b1e1019bdf8712e8568f190f2181b8cd1541b5af4fe,476,0,1,utilities
283,Other_FileAlyzer Portable.exe,2021-10-08 14:24:54,Other_FileAlyzer Portable.exe,dffeed138c9201d681e9a4f571fb25a3,a300fec2ae5eed7452cae3ac88e4f7274bd0d2378ec71e58c3f4465c2f27f5f5,477,0,1,utilities
284,Other_Folding@home Portable.exe,2021-10-08 14:25:07,Other_Folding@home Portable.exe,23f51278be55ffce6b06664d9f2ec036,8b7da5d15bb2b2fd8878dbce06d503fe5ab44481c3b065548e06202ec9af04ce,478,0,1,utilities
285,Other_GeekUninstaller Portable.exe,2021-10-08 14:25:07,Other_GeekUninstaller Portable.exe,6c18873b009093e8bf3e37305102bf26,1988c108aa392796f4376eb0289d6a6a0b1cc5216d31d42069b097e9b2863a56,479,0,1,utilities
286,"Video Editors, Converters,  & Recorders_OBS Studio Portable.exe",2021-10-08 14:25:12,"Video Editors, Converters,  & Recorders_OBS Studio Portable.exe",3d229115f9be1f03ea6c6f0623164e8a,8b7fcc2f9c8d4cd4032e4986d2c3a0ed7ce210ad2c761db7f8905104b5c9d6ac,480,0,1,music_video
287,Other_Ghostscript Portable.exe,2021-10-08 14:25:29,Other_Ghostscript Portable.exe,545629998f64ab6bbcad8481f0dff0df,5e3e714f70c544ec93cf615b7f19f27bfbdff4e9b8cb3f7a68ac814aa675a924,481,0,1,utilities
288,Other_GPU-Z Portable.exe,2021-10-08 14:25:30,Other_GPU-Z Portable.exe,84dba5d0799c45369cb0315d4e254ed1,34cf1da8b45842cf2a3de75861f19b9e0f21fe2fb35362bf54e796a4b4a3e2c5,482,0,1,utilities
289,Other_grepWin Portable.exe,2021-10-08 14:25:32,Other_grepWin Portable.exe,63fbee649092bf1815116f59ccef6e4c,36bb27a87d4f00f488ac6191d6375c80d8114d67b4549f46e27b545b418ed35d,483,0,1,utilities
290,Other_HWiNFO Portable.exe,2021-10-08 14:25:33,Other_HWiNFO Portable.exe,7ec096c744332f29762d4a120a6bcedc,bf68a097be335ace0a47591a22a34515c14067bfbcc8d7d1837c2f2e362e830a,484,0,1,utilities
291,Other_IObit Uninstaller Portable.exe,2021-10-08 14:25:37,Other_IObit Uninstaller Portable.exe,d0a545671ba205734251990208640d2a,de846efacf011dcbfd9ce21a063fd1711d4d4360d38111e8f4204f5e785e72f0,485,0,1,utilities
292,Other_IObit Unlocker Portable.exe,2021-10-08 14:25:37,Other_IObit Unlocker Portable.exe,6e33e1b5dccb1b7d30b95c24c3c430f7,30409e8c030059b1af27f735f3715186da383906ff7abc2788338a0339a382db,486,0,1,utilities
293,Other_jPortable.exe,2021-10-08 14:25:38,Other_jPortable.exe,9840fc08681da3bde646c3e90ca78761,b4f6363851bedec03397806422ec7fa7361d16705ebe5dcf6c97ec7c15b4c413,487,0,1,utilities
294,Other_jdkPortable.exe,2021-10-08 14:25:39,Other_jdkPortable.exe,019c119e68141276e747edce61feea1a,51eae70fa5045065cab64433d12a0364353907211ef191ac15c2d38a9bd51862,488,0,1,utilities
295,Other_jPortable Launcher.exe,2021-10-08 14:25:41,Other_jPortable Launcher.exe,afb27169a6870f9bb9ef947f73b161f3,bffce0bae4956f7e5f9ee964ef0e33ad46f02e1f2d5dd8e11771b535bc39253b,489,0,1,utilities
296,Other_KCleaner Portable.exe,2021-10-08 14:25:41,Other_KCleaner Portable.exe,592018e631ca1212095be3f31771b885,100131e0f8c69510f2399211ed47b44c181953de80e3892f52aca126d36d97fe,490,0,1,utilities
297,Other_Lightscreen Portable.exe,2021-10-08 14:25:45,Other_Lightscreen Portable.exe,1966d35ee9512cf75bcf5e5eea473de5,8aa93254874c5df3616c15ecbdf4c8f066e8c99b49875056c3249c04fc870a6a,491,0,1,utilities
298,Other_Listary Portable.exe,2021-10-08 14:25:46,Other_Listary Portable.exe,89485b9bdf0f2c00cdfc48ecd9fdf2f7,818c9a805968969964b75275772718e99f78a20a13f9b63e4bf9ffcf76e0b77c,492,0,1,utilities
299,"Video Editors, Converters,  & Recorders_OpenShot Portable.exe",2021-10-08 14:25:54,"Video Editors, Converters,  & Recorders_OpenShot Portable.exe",dff5be3f7dcae58f3143d46070ed4652,7fa05c15112d1006cf32c6fcb5b3815f71743caa7f4e594f01b729440a848dfa,493,0,1,music_video
300,"Chat, Instant Messaging & Phone_Telegram Desktop Portable.exe",2021-10-08 14:26:11,"Chat, Instant Messaging & Phone_Telegram Desktop Portable.exe",1b090e320faa97aa5aea29b57c9c7c3a,ff9faf50768c082f623b0d6b2d2b2bc6ff102fe5d81edc57b6472f0f191339a2,494,0,1,internet
301,Download Managers and Accelerators_DamnVid Portable.exe,2021-10-08 14:26:12,Download Managers and Accelerators_DamnVid Portable.exe,59230e47f614518680a405c5d84b5ecf,22a0e6039973b8f0a762557560ea7f7b5a2b7cd490d955acec848e53303e7e91,495,0,1,internet
302,Office Suites_LibreOffice Portable.exe,2021-10-08 14:26:13,Office Suites_LibreOffice Portable.exe,cdf98b163a436902947a45b63a1a4f5b,1dccd6724ea8a27885559dac445b6796f76df02cca12f3e5fd81c6393d315f65,496,0,1,office
303,Download Managers and Accelerators_Free Download Manager Portable.exe,2021-10-08 14:26:16,Download Managers and Accelerators_Free Download Manager Portable.exe,11c77d675e0123b98d0d8ece5720a777,5a793eb87ffc4db24b7ea3da7550cfeecf1de46bc003f892b420baf26fc4e8a9,497,0,1,internet
304,Download Managers and Accelerators_WinWGet Portable.exe,2021-10-08 14:26:16,Download Managers and Accelerators_WinWGet Portable.exe,4fb3f3effb1095bec6a9b54b0a958b8f,1693361004dc45248e895051787b0f3deb48a0610fa8f86ce82c60ccac768bd0,498,0,1,internet
305,Download Managers and Accelerators_wxDownload Fast Portable.exe,2021-10-08 14:26:17,Download Managers and Accelerators_wxDownload Fast Portable.exe,3efe6f61d8f7de5fae5f14bc03460db4,c3deb5757322a037c0f0b2d0164930303132f2bb5e53b11a052e2e1ac85d511a,499,0,1,internet
306,Other_OpenJDK Portable.exe,2021-10-08 14:26:17,Other_OpenJDK Portable.exe,f4242ec44ec635459e0fd8152646af35,32b672b0529be212e26e85fe56e9f3ee7913c25a3533003731b46c3aa2fb6659,500,0,1,utilities
307,"Video Editors, Converters,  & Recorders_Shotcut Portable.exe",2021-10-08 14:26:21,"Video Editors, Converters,  & Recorders_Shotcut Portable.exe",6178bfcbf8f5ac4fab0dfb7f885db62a,a5a3dc1df9b637b29de2283fdcfb103c19fcf896f5bed4717761f942e45fef84,501,0,1,music_video
308,Organization_Cherrytree Portable.exe,2021-10-08 14:26:25,Organization_Cherrytree Portable.exe,18fe3549a03ecaa617caab8ce06f8e32,7f75c7ecbc249db131f85e7cf04777c43a0fd058e2918a2757f1f8dc15bbb177,502,0,1,office
309,Download Managers and Accelerators_uGet Portable.exe,2021-10-08 14:26:28,Download Managers and Accelerators_uGet Portable.exe,ac9b48d61c15e7c4408b1e28153a5534,9c1adada635bd0909fba6d37c0ece06447973875cde8906ce291469ccce59ab5,503,0,1,internet
310,Other_OpenJDK JRE Portable.exe,2021-10-08 14:26:29,Other_OpenJDK JRE Portable.exe,432ccb01e0040697461b40c2dfdb87f5,3d774225672c9442f8425b50dcd677161b799b4fece367c4163a465d50017f58,504,0,1,utilities
311,Other_PCI-Z Portable.exe,2021-10-08 14:26:29,Other_PCI-Z Portable.exe,96a224903d57aadbdeec474aeb42d724,ee8a99812902444c7f3769d8175c98ff936277054958735d49bc66db5f81f5f5,505,0,1,utilities
312,Other_QwikMark Portable.exe,2021-10-08 14:26:29,Other_QwikMark Portable.exe,d86242adf958abf014e71f792d95f833,b7ae247af132aabe61de264ba3f3f6f18a0be528fd75c2246834d52379eddb6c,506,0,1,utilities
313,Other_RAMMap Portable.exe,2021-10-08 14:26:29,Other_RAMMap Portable.exe,3356214c8e933229f434b6890ed91549,e31e2c01f113e60e8abba26c11eb8792d93f8965dfbac70c7ed784ba82e3bae3,507,0,1,utilities
314,Email_Opera Mail Portable.exe,2021-10-08 14:26:29,Email_Opera Mail Portable.exe,7daeff6e5a8dbe3d64e756fec1d627cc,89daf99aa7d6c99a230ce855f6737c94f87cd4fe8bd4b9677ca010b2b0396dc6,508,0,1,internet
315,"Video Editors, Converters,  & Recorders_TEncoder Video Converter Portable.exe",2021-10-08 14:26:30,"Video Editors, Converters,  & Recorders_TEncoder Video Converter Portable.exe",3a72f2e7bf8837fc82791e86286fe956,384bd7772033e6633d5d11533df38a44b4ca6ede1ea93f3de0250fd2bfa9eab1,509,0,1,music_video
316,Email_PopMan Portable.exe,2021-10-08 14:26:30,Email_PopMan Portable.exe,79c5a59a961dd91ca1321f368a862605,162c8c6301cacc9c5d0b5b6f720af556d85cda846730f01acee131b54fece57b,510,0,1,internet
317,"Video Editors, Converters,  & Recorders_VirtualDub Portable.exe",2021-10-08 14:26:30,"Video Editors, Converters,  & Recorders_VirtualDub Portable.exe",ab38d2d8940bd71ff3078bcc14dd53b1,57a15181c3b19a96e3ab50a4493f68fa89bb62acf9dab90f71111e514b712878,511,0,1,music_video
318,Email_Sylpheed Portable.exe,2021-10-08 14:26:30,Email_Sylpheed Portable.exe,f27cce8e40517afbff8c93a641f2f65d,b0423f737ee6146e4e206a35aa4a1ba2716100dc0938ec8f8119658b4d883ce9,512,0,1,internet
319,Other_Rapid CRC Unicode Portable.exe,2021-10-08 14:26:32,Other_Rapid CRC Unicode Portable.exe,c3e962a596cc0bd90b2ff56c4abc381b,7c2fde2638780cf0e81b7ffda6dbb57108498f85d944168b0884aa1e300bb53d,513,0,1,utilities
320,Organization_QOwnNotes Portable.exe,2021-10-08 14:26:34,Organization_QOwnNotes Portable.exe,393bd336bbf544a66b29e3fb693637a3,0ace40b9bdb5d17e72c5319fa5b103973ac6a6958a6d02feebc14e2b08bf6646,514,0,1,office
321,Other_RBTray Portable.exe,2021-10-08 14:26:34,Other_RBTray Portable.exe,0711e0516417b7df701e249d131f5950,8e4de9839d8d7c717cfb33152296ed37428c31fbebbbd0fe0b6bd0adc811f4cb,515,0,1,utilities
322,Other_RegAlyzer Portable.exe,2021-10-08 14:26:34,Other_RegAlyzer Portable.exe,7f352a502d90fa890e28e1644f10c58a,b350d80e95786958036866622bc212ff604eed498b21d2703450ce4cd108c28e,516,0,1,utilities
323,Organization_Task Coach Portable.exe,2021-10-08 14:26:39,Organization_Task Coach Portable.exe,98edff56368e747067aad03afc4529ab,033f8d4273250c9e8475387df82890f2c339f86e9a5ad7543ddddf23506a4637,517,0,1,office
324,Organization_The Guide Portable.exe,2021-10-08 14:26:39,Organization_The Guide Portable.exe,25fa8efdbf3c910c2483d2d26a10967f,7138218159fe9bd50dcd00b4662029f3460c98a1df71a5a25203486f9dd86229,518,0,1,office
325,Other_ReNamer Portable.exe,2021-10-08 14:26:44,Other_ReNamer Portable.exe,0e1a24b71278d50e48db435a249620bc,f2f2eed19e058382550e6c6d009a601d3104cb72ed581f36ca194bf08c6cab32,519,0,1,utilities
326,Other_Resource Hacker Portable.exe,2021-10-08 14:26:44,Other_Resource Hacker Portable.exe,1042fff2b2de28046507a90a77634457,8323c8291c5008d0cab7a6a0845d3222091c594342fa148106aac9c8eb2287b0,520,0,1,utilities
327,Other_Revo Uninstaller Portable.exe,2021-10-08 14:26:45,Other_Revo Uninstaller Portable.exe,0027c8ec4703e653c9268b6ac33e2021,1cf08608842a3d29b24b04e3ad145ae5e5381d9333d403fdac07cbef5cc12d5c,521,0,1,utilities
328,Other_Shortcuts Search And Replace Portable.exe,2021-10-08 14:26:47,Other_Shortcuts Search And Replace Portable.exe,31cb8a4d3c7e5e5fdc282a3b4ff2e900,dbec13f4d435550c761bd0f5ebfe7885f22792c1a495af5220234435debf8b2b,522,0,1,utilities
329,Other_SIW (System Information for Windows) Portable.exe,2021-10-08 14:26:47,Other_SIW (System Information for Windows) Portable.exe,de24d1197c268c68334f02a6a271fa1b,8f863dd7e40a15b3dc07bbd96c2dc49f76c0bb5c730e2b9ca4beb58b0c14b6b4,523,0,1,utilities
330,Other_specPortable.exe,2021-10-08 14:26:50,Other_specPortable.exe,32ee079a3f90ded7713159747f3085e1,c775d4cf087cc4ff852a2a3f48f2ad0e108c07cbaecfa0cda7073ccc185ae2c9,524,0,1,utilities
331,"Email_Mozilla Thunderbird, Portable Edition.exe",2021-10-08 14:26:55,"Email_Mozilla Thunderbird, Portable Edition.exe",3901db364295e0b35a15fe6278cfba14,89a1771676761f875bcbfbb7b86aee00895db6f4b67e709861f19be450141599,525,0,1,internet
332,File Sharing_qBittorrent Portable.exe,2021-10-08 14:26:56,File Sharing_qBittorrent Portable.exe,cf1ff800579354b75faed20c10c44be7,fee018f0bdb7263d45f4cd472497db215b4342422fa121a84369b3cfb19b36ed,526,0,1,internet
333,File Sharing_Transmission Portable.exe,2021-10-08 14:26:56,File Sharing_Transmission Portable.exe,f793b24d92c3c53bc6ae2dda83e9d970,be39a175089d5ef1246d2ecdccf66e3f0d1e3439b012b91b28dc71550fc086a2,527,0,1,internet
334,File Sharing_Torrent Portable.exe,2021-10-08 14:26:56,File Sharing_Torrent Portable.exe,6cd883443715efdf9267e3b39988d3aa,81457515d8dbe0b5c56d84470052b069232125fc5a7f4c4f12ffae979348e673,528,0,1,internet
335,"FTP, SFTP and SCP Clients_FileZilla Portable.exe",2021-10-08 14:26:57,"FTP, SFTP and SCP Clients_FileZilla Portable.exe",a3ee2d42ad7ea2fd30df272b97174a1b,6db007b1b25019a6f317c0ff95bf0c5071d24021e4b2fd64b833765fbc8a41eb,529,0,1,internet
336,"FTP, SFTP and SCP Clients_WinSCP Portable.exe",2021-10-08 14:26:58,"FTP, SFTP and SCP Clients_WinSCP Portable.exe",5b2ccdbd89d7e2d27e05807ad1ad61fa,e4c6b487280dba2c846f531c4949b0f5f4845d7af2de043b8d814a3312f3296e,530,0,1,internet
337,Other_SpeedyFox Portable.exe,2021-10-08 14:27:02,Other_SpeedyFox Portable.exe,7acb45ca607a4f44b4a91a91845f378f,3e842b86a5cc701077364bf8cb983e9bb6d716b072d0d0cfee90367cb9f65f15,531,0,1,utilities
338,Other_Startup Sentinel Portable.exe,2021-10-08 14:27:02,Other_Startup Sentinel Portable.exe,66b2c9de93f94000c39807691ecf50da,e2a0e5c527deac05b9f22450b8edb41e08f1621a96ac420b924138804c69256c,532,0,1,utilities
339,Other_SUMo Portable.exe,2021-10-08 14:27:02,Other_SUMo Portable.exe,46bf3c500155b74568b4907ed0918cdc,ec7e46bca1e4f0d94bf5e070ceb07dd3b8ea29975d52b268c4fd7aa503a90c97,533,0,1,utilities
340,Other_CintaNotes Portable.exe,2021-10-08 14:27:06,Other_CintaNotes Portable.exe,6be1519c39a9a458a29d3b30d987bcf2,7d4fa0bf9459c9fb7f3b7d5174ef68f4e8f63d303a6c2808c39b368267d3a0df,534,0,1,office
341,Other_KeepNotePortable.exe,2021-10-08 14:27:07,Other_KeepNotePortable.exe,904db5c4272e3896d08be8e5e296dee9,81775bbe7ec1f204f95f65e933bf44a6293dc86c156ba18e3c3783ab8419f672,535,0,1,office
342,Podcast Receivers_gPodder Portable.exe,2021-10-08 14:27:07,Podcast Receivers_gPodder Portable.exe,14c3cf164dac2fa304fbbdb8735f1dbb,9e853da9175d9526af11185614174e448e276435e41e5b3df9cecf5f040e51a4,536,0,1,internet
343,RSS Readers_FeedRoller Portable.exe,2021-10-08 14:27:07,RSS Readers_FeedRoller Portable.exe,2fb3bf016959b6bc416f501c8724c145,1c3d22191b12279707e7bf0d81d735be2f5db338b741eca01311c8c194a8d427,537,0,1,internet
344,Other_PDFTK Builder Portable.exe,2021-10-08 14:27:10,Other_PDFTK Builder Portable.exe,5a26107b6fa382260cfa9eefa4ece042,9ae0be9f56abe88c1b0d82cdcd41bb424f982c9ebf0d1e69894294cfb4c0c94a,538,0,1,office
345,Other_TinyTask Portable.exe,2021-10-08 14:27:11,Other_TinyTask Portable.exe,ac850015c9bcc969b233ed430ef41866,efa29a2024460f1df66adb96968f0515a910ed91429059101c0285bb1bed86bc,539,0,1,utilities
346,Other_TreeSize Free Portable.exe,2021-10-08 14:27:13,Other_TreeSize Free Portable.exe,b527595cdf43583879f260689da62324,7b65f653b7b6bd1debc224a5a28c4bd70e185b7f9f12921fbc29861e627d8169,540,0,1,utilities
347,Other_TyperTask Portable.exe,2021-10-08 14:27:13,Other_TyperTask Portable.exe,0f1f26fa0dbf2870e07ae6c89e6143bd,734a3636cf6a00686da684aa5cef3705caf5696c3749210b6b02ab91f6fa5a46,541,0,1,utilities
348,Other_Virtual Volumes View Portable.exe,2021-10-08 14:27:18,Other_Virtual Volumes View Portable.exe,7713b22983ce599da6b9e63e34d430a6,f284f5bc396cfc09fc47268e2956e44ab3c042882c250fb52872632401e987b0,542,0,1,utilities
349,Other_VirtuaWin Portable.exe,2021-10-08 14:27:23,Other_VirtuaWin Portable.exe,5a4cadc0993bec09acf0c075be65b0dc,8a81904787f6cf011c1ade068a1e8783620a47e34b3010c7a739de6bdd81a20a,543,0,1,utilities
350,Other_WhoDat Portable.exe,2021-10-08 14:27:24,Other_WhoDat Portable.exe,d04f7d8ffc31e770d430c26deb8fb368,a12358d698e191ead19ec5340c5fd0c5653f64181dd5c8207320a9c6f3822f60,544,0,1,utilities
351,Other_WinDirStat Portable.exe,2021-10-08 14:27:24,Other_WinDirStat Portable.exe,884ae0063ec1ba535a3a3f7209032ec8,384d45d78fe1c75b3392d10025b713c77907517a45e7100eda88d05e1b087efa,545,0,1,utilities
352,Other_Windows Error Lookup Tool Portable.exe,2021-10-08 14:27:26,Other_Windows Error Lookup Tool Portable.exe,8c90db0373c5927b76764f5a42a49d59,6b02d1305936151043755bc23a178ffc0f25fcc00b63abe3eb399e9511827f81,546,0,1,utilities
353,Other_winMd5Sum Portable.exe,2021-10-08 14:27:26,Other_winMd5Sum Portable.exe,267edeafdb089c32b641b8c6b0159f6c,4ee41489d15c07c193e793f9fb62b3a11cd487215659834d0be52b717e3c2c61,547,0,1,utilities
354,Other_WinObj Portable.exe,2021-10-08 14:27:27,Other_WinObj Portable.exe,62c854941d3656275ca51c5d884bd06a,a37212d3357a6b9fd46a1c1625474fb294592ceef2760e318ed0e056225589aa,548,0,1,utilities
355,Other_Wise Data Recovery Portable.exe,2021-10-08 14:27:27,Other_Wise Data Recovery Portable.exe,735f18cedc3e943ae1e5794365bd823b,33cde8194a91e09684d7082d963e39f5e78bf2b82ead77835f5f6a6aee33a5a2,549,0,1,utilities
356,Other_Wise Program Uninstaller Portable.exe,2021-10-08 14:27:28,Other_Wise Program Uninstaller Portable.exe,95e3b8a1789db3bf20bc2cd19a445d6f,fd2aa50b4c5f14922c2e167db70d7834d0637e45e2ca337bbb443cdfd68b3d7c,550,0,1,utilities
357,Other_Wise Registry Cleaner Portable.exe,2021-10-08 14:27:28,Other_Wise Registry Cleaner Portable.exe,f8c9b2e3e64db1b061f83f57ff725c28,51b796d105937282ad9c2d19d0aaf4e0a0059c897b3716091178ef58a5468239,551,0,1,utilities
358,Other_WizTree Portable.exe,2021-10-08 14:27:28,Other_WizTree Portable.exe,c24a6643a9d41d118aba944375e03107,3a6e5619e26239d6f1cf5491501bfa384010340ef93feaaaba6aed70e67e439a,552,0,1,utilities
359,RSS Readers_QuiteRSS Portable.exe,2021-10-08 14:27:31,RSS Readers_QuiteRSS Portable.exe,a7f0e3ef815836cb5ae59c52a089576d,8ed2a75dcd974884c0d868551d8d28f69f1ab0d22bc49907a6ab1602ca0b0020,553,0,1,internet
360,Telnet & SSH_KiTTY Portable.exe,2021-10-08 14:27:31,Telnet & SSH_KiTTY Portable.exe,06a3cf85b6f6320e0f3bb73e0fb7dd91,55a31b4fe9b270f0da829a81a87beac6166bf79c767feb37edb3d1fdf5992a9d,554,0,1,internet
361,Telnet & SSH_PuTTY Portable.exe,2021-10-08 14:27:31,Telnet & SSH_PuTTY Portable.exe,2f03855a03f6250d37c3e59f7b7711ae,a0466af0bc3bf4ee11a653354060a3925cebd3e4e276a788201a9a97a47fdb3b,555,0,1,internet
362,Other_Workrave Portable.exe,2021-10-08 14:27:33,Other_Workrave Portable.exe,70d5034bf3d7c8d599b68883c39e7274,6b885a7468295f5900f4782b9c335264e20ec7b1d6fbf0e8f450f94745e0f722,556,0,1,utilities
363,Other_xpy Portable.exe,2021-10-08 14:27:33,Other_xpy Portable.exe,5aee39ad455f932a92e290b1141c7861,6b6867040c45a9a1d02ee1fc66c8b5ae2ef5cc8cfae70ac5e11dd1ce1092ff95,557,0,1,utilities
364,Presentations_LibreOffice Portable Impress.exe,2021-10-08 14:27:36,Presentations_LibreOffice Portable Impress.exe,d48ba95d3e9d41c34f1d80a6ea544f77,51ff5cde6eb849b36b6f645babfb3b8d16b3eabf88a29e6e075da4bde9119a7f,558,0,1,office
365,Other_Zint Barcode Studio Portable.exe,2021-10-08 14:27:41,Other_Zint Barcode Studio Portable.exe,de15b8efd8efbeaac72cf47e10bfb541,7f239aaac50f44d90a1fe427fb6711052e83e3ab3a6d4d0ededc9ec345ce7351,559,0,1,utilities
366,Other_ZSoft Uninstaller Portable.exe,2021-10-08 14:27:41,Other_ZSoft Uninstaller Portable.exe,f6ebc62443a256ded868e5e1fbdf23cb,b36ab0c62f6bd1c124a67c00ecb392359517d1558136b72ab6fca034ce93712f,560,0,1,utilities
367,Networking_DynDNS Simply Client Portable.exe,2021-10-08 14:27:41,Networking_DynDNS Simply Client Portable.exe,83efc6ad432779cf7fff53e6619d5b10,1abb7854a3561f1f6a0f22378fb485742de9af8f8306215d9579d6dd01c51244,561,0,1,utilities
368,Networking_TCPView Portable.exe,2021-10-08 14:27:42,Networking_TCPView Portable.exe,6e4f2fab35375ace965655e499f69c45,d794e5374c6fd64e1f8f6f52fecf06abd27440444dfb80760c19f5368f49f0c1,562,0,1,utilities
369,Networking_WinMTR Portable.exe,2021-10-08 14:27:42,Networking_WinMTR Portable.exe,179b2fc717a382a6a1d5496670eecccc,7357e786c047e96f887d669540e53fe3e96ac3c638eae10641d4cbc22d66d1f1,563,0,1,utilities
370,Remote Connectivity_2X Client Portable.exe,2021-10-08 14:27:42,Remote Connectivity_2X Client Portable.exe,5bdc5e7bfd459e48dfe6e4def3170f9f,ae5f01d8915fe8ec47d12cd69e87820a212f7cd046a85545acf7db24e7e4f5a9,564,0,1,utilities
371,Remote Connectivity_TeamViewer Portable.exe,2021-10-08 14:27:47,Remote Connectivity_TeamViewer Portable.exe,5c966a3ceb697183e4a90dc2c337f727,540e1b6f5f09fd3f98d5c37c7c1955c1a16a50cab946a9d21d53f578a601abfd,565,0,1,utilities
372,Synchronization_DSynchronize Portable.exe,2021-10-08 14:27:48,Synchronization_DSynchronize Portable.exe,45a73aa803d8093e0bb558f34897b73b,39b1da5439fe7bb9b1c1fada4772f4003bd89cae1999344b8efc09489e2ca678,566,0,1,utilities
373,Synchronization_FreeFileSync Portable.exe,2021-10-08 14:27:49,Synchronization_FreeFileSync Portable.exe,b82861b697c3504d72e8864c6cbc13b1,2818a2f074106a1e72f57831f85cafdb5bd66addbcfda391426a37ae19443def,567,0,1,utilities
374,Synchronization_Synkron Portable.exe,2021-10-08 14:27:49,Synchronization_Synkron Portable.exe,94518ff73d08afb349b78c6227af0ad3,406fad255f76bcc195213941396d97e1504d002d52f5d2d43aa7d2560718c125,568,0,1,utilities
375,Synchronization_Toucan.exe,2021-10-08 14:27:54,Synchronization_Toucan.exe,dccf703230e1350c5e478b8e41760444,05bd82c858cb6be208494b75fd554a575e11fa81f98052ea45a3d458561069ba,569,0,1,utilities
376,Task Managers_Daphne Portable.exe,2021-10-08 14:27:54,Task Managers_Daphne Portable.exe,4bb38320336199a0d9aee5019221c1c7,ab86c762e07cd3bd5a41926ee35d4bdfd97c0c2607e713573081fd34aa2fafa9,570,0,1,utilities
377,Task Managers_DTaskManager Portable.exe,2021-10-08 14:27:54,Task Managers_DTaskManager Portable.exe,c316ccd40b1b968d6f9d2dff7f7bfb03,83b0c43da684f0b658deda684866092c3fbb450060cf59f439b4c2da4ec974ab,571,0,1,utilities
378,Task Managers_Process Explorer Portable.exe,2021-10-08 14:27:55,Task Managers_Process Explorer Portable.exe,51c874715296b5303ada0e9c76966ea2,defa27b0544db54f4329fdc40eb42b38af9b443dad08450a8ad1ea5127025944,572,0,1,utilities
379,Task Managers_Process Hacker Portable.exe,2021-10-08 14:27:55,Task Managers_Process Hacker Portable.exe,b6ab864f014d0c4a35b7641d1b586f6d,b0668b6596578d5d918c8d29083423c8025bd49328130383841139dd575868c6,573,0,1,utilities
380,Task Managers_Process Monitor Portable.exe,2021-10-08 14:27:56,Task Managers_Process Monitor Portable.exe,9a4c231432e91ca60ba67186f25ef91a,f616ae7f21778fe7fc570148b41fa111450a458977ca3c5082aa80d3f138f2e3,574,0,1,utilities
381,Task Managers_System Explorer Portable.exe,2021-10-08 14:27:57,Task Managers_System Explorer Portable.exe,3ba7ba689b39216b695f38839077628f,4b72c902892c8bd605264eb44c53fba8160d29c73680bae4eb8a5292cdab3f43,575,0,1,utilities
382,Task Managers_VMMap Portable.exe,2021-10-08 14:27:57,Task Managers_VMMap Portable.exe,361bf7ba27dd01e6ef3bf551b79e79dc,ba52a2907835a2da38496f8570453bd2acbdecdcb5e3c0879344ca7a3e938c5e,576,0,1,utilities
383,Timers and Clocks_Cook Timer Portable.exe,2021-10-08 14:27:57,Timers and Clocks_Cook Timer Portable.exe,69803124b2341c1119d71792e9377427,e18ef4345ebe9d354516594a7cc8b3fb33c934013d5ce209fb4cfe6eb9695b05,577,0,1,utilities
